hallmark_name	comparison	pathway_score_difference	tukey_p_value	cg	library_type	bonferroni_pvalue	significant_tukey	significant_tukey_bonf
HALLMARK_ADIPOGENESIS	Diagnosis-Deceased	-0.1489980764557048	0.7388707747407699	Medulloblastoma	merged	1	FALSE	FALSE
HALLMARK_ADIPOGENESIS	Progressive-Deceased	-0.09198578524680588	0.819253204958418	Medulloblastoma	merged	1	FALSE	FALSE
HALLMARK_ADIPOGENESIS	Recurrence-Deceased	0.04563956767431779	0.9630006656228569	Medulloblastoma	merged	1	FALSE	FALSE
HALLMARK_ADIPOGENESIS	Progressive-Diagnosis	0.05701229120889892	0.9775928197627595	Medulloblastoma	merged	1	FALSE	FALSE
HALLMARK_ADIPOGENESIS	Recurrence-Diagnosis	0.1946376441300226	0.49004527743813864	Medulloblastoma	merged	1	FALSE	FALSE
HALLMARK_ADIPOGENESIS	Recurrence-Progressive	0.13762535292112366	0.44047338094464283	Medulloblastoma	merged	1	FALSE	FALSE
HALLMARK_ALLOGRAFT_REJECTION	Diagnosis-Deceased	0.042949004820941106	0.9943802083865425	Medulloblastoma	merged	1	FALSE	FALSE
HALLMARK_ALLOGRAFT_REJECTION	Progressive-Deceased	0.0534200015758467	0.972914755523435	Medulloblastoma	merged	1	FALSE	FALSE
HALLMARK_ALLOGRAFT_REJECTION	Recurrence-Deceased	0.03311047964575131	0.9909167498292033	Medulloblastoma	merged	1	FALSE	FALSE
HALLMARK_ALLOGRAFT_REJECTION	Progressive-Diagnosis	0.010470996754905593	0.9999101464047797	Medulloblastoma	merged	1	FALSE	FALSE
HALLMARK_ALLOGRAFT_REJECTION	Recurrence-Diagnosis	-0.009838525175189794	0.9999127005424957	Medulloblastoma	merged	1	FALSE	FALSE
HALLMARK_ALLOGRAFT_REJECTION	Recurrence-Progressive	-0.020309521930095387	0.997444615820011	Medulloblastoma	merged	1	FALSE	FALSE
HALLMARK_ANDROGEN_RESPONSE	Diagnosis-Deceased	0.26836668337130887	0.32481252538105365	Medulloblastoma	merged	1	FALSE	FALSE
HALLMARK_ANDROGEN_RESPONSE	Progressive-Deceased	0.004059915569944339	0.9999816084593243	Medulloblastoma	merged	1	FALSE	FALSE
HALLMARK_ANDROGEN_RESPONSE	Recurrence-Deceased	0.14390727175044693	0.4928872601579538	Medulloblastoma	merged	1	FALSE	FALSE
HALLMARK_ANDROGEN_RESPONSE	Progressive-Diagnosis	-0.26430676780136453	0.31729998599872755	Medulloblastoma	merged	1	FALSE	FALSE
HALLMARK_ANDROGEN_RESPONSE	Recurrence-Diagnosis	-0.1244594116208619	0.8157047684897163	Medulloblastoma	merged	1	FALSE	FALSE
HALLMARK_ANDROGEN_RESPONSE	Recurrence-Progressive	0.1398473561805026	0.46752290396623297	Medulloblastoma	merged	1	FALSE	FALSE
HALLMARK_ANGIOGENESIS	Diagnosis-Deceased	-0.2978233150857863	0.7805754338740427	Medulloblastoma	merged	1	FALSE	FALSE
HALLMARK_ANGIOGENESIS	Progressive-Deceased	-0.18066164761613782	0.8566314084331184	Medulloblastoma	merged	1	FALSE	FALSE
HALLMARK_ANGIOGENESIS	Recurrence-Deceased	-0.22245254388065003	0.7056457085589636	Medulloblastoma	merged	1	FALSE	FALSE
HALLMARK_ANGIOGENESIS	Progressive-Diagnosis	0.11716166746964851	0.980538838027281	Medulloblastoma	merged	1	FALSE	FALSE
HALLMARK_ANGIOGENESIS	Recurrence-Diagnosis	0.0753707712051363	0.9937242999244575	Medulloblastoma	merged	1	FALSE	FALSE
HALLMARK_ANGIOGENESIS	Recurrence-Progressive	-0.0417908962645122	0.9963572325472687	Medulloblastoma	merged	1	FALSE	FALSE
HALLMARK_APICAL_JUNCTION	Diagnosis-Deceased	-0.11010345395656233	0.9000186066878038	Medulloblastoma	merged	1	FALSE	FALSE
HALLMARK_APICAL_JUNCTION	Progressive-Deceased	-0.18565690774617077	0.3993630479708662	Medulloblastoma	merged	1	FALSE	FALSE
HALLMARK_APICAL_JUNCTION	Recurrence-Deceased	-0.09051792452662856	0.8224823894974678	Medulloblastoma	merged	1	FALSE	FALSE
HALLMARK_APICAL_JUNCTION	Progressive-Diagnosis	-0.07555345378960845	0.961617594021116	Medulloblastoma	merged	1	FALSE	FALSE
HALLMARK_APICAL_JUNCTION	Recurrence-Diagnosis	0.019585529429933773	0.9991408903972587	Medulloblastoma	merged	1	FALSE	FALSE
HALLMARK_APICAL_JUNCTION	Recurrence-Progressive	0.09513898321954223	0.7707409950618286	Medulloblastoma	merged	1	FALSE	FALSE
HALLMARK_APICAL_SURFACE	Diagnosis-Deceased	-0.22062293096432922	0.6358149438073014	Medulloblastoma	merged	1	FALSE	FALSE
HALLMARK_APICAL_SURFACE	Progressive-Deceased	-0.23113541366425033	0.3348229135364107	Medulloblastoma	merged	1	FALSE	FALSE
HALLMARK_APICAL_SURFACE	Recurrence-Deceased	-0.19008753611133206	0.4150291237644279	Medulloblastoma	merged	1	FALSE	FALSE
HALLMARK_APICAL_SURFACE	Progressive-Diagnosis	-0.01051248269992111	0.9999255448941139	Medulloblastoma	merged	1	FALSE	FALSE
HALLMARK_APICAL_SURFACE	Recurrence-Diagnosis	0.030535394852997166	0.9978892296209216	Medulloblastoma	merged	1	FALSE	FALSE
HALLMARK_APICAL_SURFACE	Recurrence-Progressive	0.04104787755291828	0.9834094404310231	Medulloblastoma	merged	1	FALSE	FALSE
HALLMARK_APOPTOSIS	Diagnosis-Deceased	-0.00419534464311061	0.9999966399112097	Medulloblastoma	merged	1	FALSE	FALSE
HALLMARK_APOPTOSIS	Progressive-Deceased	-0.08243291187364116	0.9412735271009742	Medulloblastoma	merged	1	FALSE	FALSE
HALLMARK_APOPTOSIS	Recurrence-Deceased	0.003218836025921379	0.9999945914721355	Medulloblastoma	merged	1	FALSE	FALSE
HALLMARK_APOPTOSIS	Progressive-Diagnosis	-0.07823756723053055	0.9780880985079987	Medulloblastoma	merged	1	FALSE	FALSE
HALLMARK_APOPTOSIS	Recurrence-Diagnosis	0.007414180669031989	0.999976641673441	Medulloblastoma	merged	1	FALSE	FALSE
HALLMARK_APOPTOSIS	Recurrence-Progressive	0.08565174789956254	0.9003178798754288	Medulloblastoma	merged	1	FALSE	FALSE
HALLMARK_BILE_ACID_METABOLISM	Diagnosis-Deceased	0.2527414745203258	0.12876012069760656	Medulloblastoma	merged	1	FALSE	FALSE
HALLMARK_BILE_ACID_METABOLISM	Progressive-Deceased	0.09187814676544681	0.6553343586356498	Medulloblastoma	merged	1	FALSE	FALSE
HALLMARK_BILE_ACID_METABOLISM	Recurrence-Deceased	0.14504388451301	0.2111264161913362	Medulloblastoma	merged	1	FALSE	FALSE
HALLMARK_BILE_ACID_METABOLISM	Progressive-Diagnosis	-0.160863327754879	0.4498747921844831	Medulloblastoma	merged	1	FALSE	FALSE
HALLMARK_BILE_ACID_METABOLISM	Recurrence-Diagnosis	-0.10769759000731578	0.7128382195012585	Medulloblastoma	merged	1	FALSE	FALSE
HALLMARK_BILE_ACID_METABOLISM	Recurrence-Progressive	0.053165737747563196	0.8578998643172514	Medulloblastoma	merged	1	FALSE	FALSE
HALLMARK_CHOLESTEROL_HOMEOSTASIS	Diagnosis-Deceased	0.10141675365784464	0.9089799211772839	Medulloblastoma	merged	1	FALSE	FALSE
HALLMARK_CHOLESTEROL_HOMEOSTASIS	Progressive-Deceased	0.06840265549378136	0.9245578160512191	Medulloblastoma	merged	1	FALSE	FALSE
HALLMARK_CHOLESTEROL_HOMEOSTASIS	Recurrence-Deceased	0.046128185862108734	0.9664376556682729	Medulloblastoma	merged	1	FALSE	FALSE
HALLMARK_CHOLESTEROL_HOMEOSTASIS	Progressive-Diagnosis	-0.03301409816406328	0.9960165261150493	Medulloblastoma	merged	1	FALSE	FALSE
HALLMARK_CHOLESTEROL_HOMEOSTASIS	Recurrence-Diagnosis	-0.055288567795735905	0.9790415656501921	Medulloblastoma	merged	1	FALSE	FALSE
HALLMARK_CHOLESTEROL_HOMEOSTASIS	Recurrence-Progressive	-0.022274469631672622	0.9951780224820923	Medulloblastoma	merged	1	FALSE	FALSE
HALLMARK_COAGULATION	Diagnosis-Deceased	-0.023978870152290277	0.9994758141698015	Medulloblastoma	merged	1	FALSE	FALSE
HALLMARK_COAGULATION	Progressive-Deceased	-0.0735107292715031	0.9636303542446389	Medulloblastoma	merged	1	FALSE	FALSE
HALLMARK_COAGULATION	Recurrence-Deceased	-0.005067291688073183	0.999982281924858	Medulloblastoma	merged	1	FALSE	FALSE
HALLMARK_COAGULATION	Progressive-Diagnosis	-0.04953185911921282	0.9951223002243443	Medulloblastoma	merged	1	FALSE	FALSE
HALLMARK_COAGULATION	Recurrence-Diagnosis	0.018911578464217094	0.9996754714702298	Medulloblastoma	merged	1	FALSE	FALSE
HALLMARK_COAGULATION	Recurrence-Progressive	0.06844343758342991	0.9535229053735008	Medulloblastoma	merged	1	FALSE	FALSE
HALLMARK_COMPLEMENT	Diagnosis-Deceased	0.07130365595681831	0.9874456222303079	Medulloblastoma	merged	1	FALSE	FALSE
HALLMARK_COMPLEMENT	Progressive-Deceased	-0.002811960437766159	0.9999978729192271	Medulloblastoma	merged	1	FALSE	FALSE
HALLMARK_COMPLEMENT	Recurrence-Deceased	0.08592894098394055	0.9296928292193196	Medulloblastoma	merged	1	FALSE	FALSE
HALLMARK_COMPLEMENT	Progressive-Diagnosis	-0.07411561639458447	0.9849238185861986	Medulloblastoma	merged	1	FALSE	FALSE
HALLMARK_COMPLEMENT	Recurrence-Diagnosis	0.014625285027122237	0.9998573357019169	Medulloblastoma	merged	1	FALSE	FALSE
HALLMARK_COMPLEMENT	Recurrence-Progressive	0.08874090142170671	0.9103183676020092	Medulloblastoma	merged	1	FALSE	FALSE
HALLMARK_DNA_REPAIR	Diagnosis-Deceased	-0.030097532940041874	0.994404473446447	Medulloblastoma	merged	1	FALSE	FALSE
HALLMARK_DNA_REPAIR	Progressive-Deceased	0.05537439304193108	0.92025974820844	Medulloblastoma	merged	1	FALSE	FALSE
HALLMARK_DNA_REPAIR	Recurrence-Deceased	0.25187519625712007	0.023308677954406387	Medulloblastoma	merged	1	FALSE	FALSE
HALLMARK_DNA_REPAIR	Progressive-Diagnosis	0.08547192598197295	0.8862856980591581	Medulloblastoma	merged	1	FALSE	FALSE
HALLMARK_DNA_REPAIR	Recurrence-Diagnosis	0.28197272919716193	0.08903864888410162	Medulloblastoma	merged	1	FALSE	FALSE
HALLMARK_DNA_REPAIR	Recurrence-Progressive	0.19650080321518898	0.07146163318130005	Medulloblastoma	merged	1	FALSE	FALSE
HALLMARK_E2F_TARGETS	Diagnosis-Deceased	0.24197773068581802	0.630729801314218	Medulloblastoma	merged	1	FALSE	FALSE
HALLMARK_E2F_TARGETS	Progressive-Deceased	0.18922069627104088	0.5723037606537917	Medulloblastoma	merged	1	FALSE	FALSE
HALLMARK_E2F_TARGETS	Recurrence-Deceased	0.20049148612556128	0.44225605073746366	Medulloblastoma	merged	1	FALSE	FALSE
HALLMARK_E2F_TARGETS	Progressive-Diagnosis	-0.05275703441477714	0.9929296426102816	Medulloblastoma	merged	1	FALSE	FALSE
HALLMARK_E2F_TARGETS	Recurrence-Diagnosis	-0.041486244560256735	0.9959337440845886	Medulloblastoma	merged	1	FALSE	FALSE
HALLMARK_E2F_TARGETS	Recurrence-Progressive	0.011270789854520402	0.9997198253594545	Medulloblastoma	merged	1	FALSE	FALSE
HALLMARK_EPITHELIAL_MESENCHYMAL_TRANSITION	Diagnosis-Deceased	-0.030661514237604937	0.9996974350050568	Medulloblastoma	merged	1	FALSE	FALSE
HALLMARK_EPITHELIAL_MESENCHYMAL_TRANSITION	Progressive-Deceased	-0.24004983497598154	0.7456208918766261	Medulloblastoma	merged	1	FALSE	FALSE
HALLMARK_EPITHELIAL_MESENCHYMAL_TRANSITION	Recurrence-Deceased	-0.24857859075404032	0.6604722179594122	Medulloblastoma	merged	1	FALSE	FALSE
HALLMARK_EPITHELIAL_MESENCHYMAL_TRANSITION	Progressive-Diagnosis	-0.2093883207383766	0.9130665786402036	Medulloblastoma	merged	1	FALSE	FALSE
HALLMARK_EPITHELIAL_MESENCHYMAL_TRANSITION	Recurrence-Diagnosis	-0.21791707651643538	0.8892097004008097	Medulloblastoma	merged	1	FALSE	FALSE
HALLMARK_EPITHELIAL_MESENCHYMAL_TRANSITION	Recurrence-Progressive	-0.008528755778058783	0.9999722221937497	Medulloblastoma	merged	1	FALSE	FALSE
HALLMARK_ESTROGEN_RESPONSE_EARLY	Diagnosis-Deceased	0.012514901124332484	0.9998537759480524	Medulloblastoma	merged	1	FALSE	FALSE
HALLMARK_ESTROGEN_RESPONSE_EARLY	Progressive-Deceased	-0.041279258722227985	0.9867766824948179	Medulloblastoma	merged	1	FALSE	FALSE
HALLMARK_ESTROGEN_RESPONSE_EARLY	Recurrence-Deceased	-0.04286238438864132	0.9802964751991976	Medulloblastoma	merged	1	FALSE	FALSE
HALLMARK_ESTROGEN_RESPONSE_EARLY	Progressive-Diagnosis	-0.05379415984656047	0.9880254622811842	Medulloblastoma	merged	1	FALSE	FALSE
HALLMARK_ESTROGEN_RESPONSE_EARLY	Recurrence-Diagnosis	-0.0553772855129738	0.9848204998187993	Medulloblastoma	merged	1	FALSE	FALSE
HALLMARK_ESTROGEN_RESPONSE_EARLY	Recurrence-Progressive	-0.001583125666413332	0.999998738331632	Medulloblastoma	merged	1	FALSE	FALSE
HALLMARK_ESTROGEN_RESPONSE_LATE	Diagnosis-Deceased	0.014438932150164535	0.999783050540431	Medulloblastoma	merged	1	FALSE	FALSE
HALLMARK_ESTROGEN_RESPONSE_LATE	Progressive-Deceased	-0.035572095299155254	0.9917115786834199	Medulloblastoma	merged	1	FALSE	FALSE
HALLMARK_ESTROGEN_RESPONSE_LATE	Recurrence-Deceased	0.03579445470763598	0.9886828059589152	Medulloblastoma	merged	1	FALSE	FALSE
HALLMARK_ESTROGEN_RESPONSE_LATE	Progressive-Diagnosis	-0.05001102744931979	0.990633617834898	Medulloblastoma	merged	1	FALSE	FALSE
HALLMARK_ESTROGEN_RESPONSE_LATE	Recurrence-Diagnosis	0.021355522557471446	0.9991196311047212	Medulloblastoma	merged	1	FALSE	FALSE
HALLMARK_ESTROGEN_RESPONSE_LATE	Recurrence-Progressive	0.07136655000679124	0.9074385313408471	Medulloblastoma	merged	1	FALSE	FALSE
HALLMARK_FATTY_ACID_METABOLISM	Diagnosis-Deceased	-0.06194912049642026	0.9003348273902221	Medulloblastoma	merged	1	FALSE	FALSE
HALLMARK_FATTY_ACID_METABOLISM	Progressive-Deceased	-0.08186643473877186	0.6001931579338136	Medulloblastoma	merged	1	FALSE	FALSE
HALLMARK_FATTY_ACID_METABOLISM	Recurrence-Deceased	0.0883974603768661	0.4569115710035724	Medulloblastoma	merged	1	FALSE	FALSE
HALLMARK_FATTY_ACID_METABOLISM	Progressive-Diagnosis	-0.019917314242351603	0.9957473418317129	Medulloblastoma	merged	1	FALSE	FALSE
HALLMARK_FATTY_ACID_METABOLISM	Recurrence-Diagnosis	0.15034658087328637	0.30209712321318727	Medulloblastoma	merged	1	FALSE	FALSE
HALLMARK_FATTY_ACID_METABOLISM	Recurrence-Progressive	0.17026389511563797	0.029761531036463285	Medulloblastoma	merged	1	FALSE	FALSE
HALLMARK_G2M_CHECKPOINT	Diagnosis-Deceased	0.3161061258607797	0.44032029517823423	Medulloblastoma	merged	1	FALSE	FALSE
HALLMARK_G2M_CHECKPOINT	Progressive-Deceased	0.2195380138325882	0.4751439429890747	Medulloblastoma	merged	1	FALSE	FALSE
HALLMARK_G2M_CHECKPOINT	Recurrence-Deceased	0.2234517626224483	0.37519318819267	Medulloblastoma	merged	1	FALSE	FALSE
HALLMARK_G2M_CHECKPOINT	Progressive-Diagnosis	-0.09656811202819149	0.9628551836625716	Medulloblastoma	merged	1	FALSE	FALSE
HALLMARK_G2M_CHECKPOINT	Recurrence-Diagnosis	-0.09265436323833137	0.9616581065888464	Medulloblastoma	merged	1	FALSE	FALSE
HALLMARK_G2M_CHECKPOINT	Recurrence-Progressive	0.003913748789860116	0.9999892240253039	Medulloblastoma	merged	1	FALSE	FALSE
HALLMARK_GLYCOLYSIS	Diagnosis-Deceased	-0.11439660234833487	0.8542382290302404	Medulloblastoma	merged	1	FALSE	FALSE
HALLMARK_GLYCOLYSIS	Progressive-Deceased	-0.04894547723697441	0.9643185273428204	Medulloblastoma	merged	1	FALSE	FALSE
HALLMARK_GLYCOLYSIS	Recurrence-Deceased	-0.0433041477308159	0.966473932549955	Medulloblastoma	merged	1	FALSE	FALSE
HALLMARK_GLYCOLYSIS	Progressive-Diagnosis	0.06545112511136046	0.9651443803432437	Medulloblastoma	merged	1	FALSE	FALSE
HALLMARK_GLYCOLYSIS	Recurrence-Diagnosis	0.07109245461751897	0.9491572885823697	Medulloblastoma	merged	1	FALSE	FALSE
HALLMARK_GLYCOLYSIS	Recurrence-Progressive	0.00564132950615851	0.9999032829279635	Medulloblastoma	merged	1	FALSE	FALSE
HALLMARK_HEDGEHOG_SIGNALING	Diagnosis-Deceased	0.13650508192296862	0.48758976692693645	Medulloblastoma	merged	1	FALSE	FALSE
HALLMARK_HEDGEHOG_SIGNALING	Progressive-Deceased	-0.09637821997104198	0.5081633954430249	Medulloblastoma	merged	1	FALSE	FALSE
HALLMARK_HEDGEHOG_SIGNALING	Recurrence-Deceased	0.015430071648050922	0.9943443251623747	Medulloblastoma	merged	1	FALSE	FALSE
HALLMARK_HEDGEHOG_SIGNALING	Progressive-Diagnosis	-0.23288330189401057	0.08727919893182212	Medulloblastoma	merged	1	FALSE	FALSE
HALLMARK_HEDGEHOG_SIGNALING	Recurrence-Diagnosis	-0.12107501027491768	0.5230444760032523	Medulloblastoma	merged	1	FALSE	FALSE
HALLMARK_HEDGEHOG_SIGNALING	Recurrence-Progressive	0.1118082916190929	0.2534113915232138	Medulloblastoma	merged	1	FALSE	FALSE
HALLMARK_HEME_METABOLISM	Diagnosis-Deceased	-0.04251563177814614	0.9828540952791452	Medulloblastoma	merged	1	FALSE	FALSE
HALLMARK_HEME_METABOLISM	Progressive-Deceased	-0.019339341520624317	0.9955935589871379	Medulloblastoma	merged	1	FALSE	FALSE
HALLMARK_HEME_METABOLISM	Recurrence-Deceased	0.1390037828692691	0.29350366893002455	Medulloblastoma	merged	1	FALSE	FALSE
HALLMARK_HEME_METABOLISM	Progressive-Diagnosis	0.023176290257521825	0.9968917854126496	Medulloblastoma	merged	1	FALSE	FALSE
HALLMARK_HEME_METABOLISM	Recurrence-Diagnosis	0.18151941464741522	0.35908146852570444	Medulloblastoma	merged	1	FALSE	FALSE
HALLMARK_HEME_METABOLISM	Recurrence-Progressive	0.1583431243898934	0.1582777604305119	Medulloblastoma	merged	1	FALSE	FALSE
HALLMARK_HYPOXIA	Diagnosis-Deceased	-0.24322529552580816	0.6696185837151396	Medulloblastoma	merged	1	FALSE	FALSE
HALLMARK_HYPOXIA	Progressive-Deceased	-0.23005651820310744	0.4619531504717057	Medulloblastoma	merged	1	FALSE	FALSE
HALLMARK_HYPOXIA	Recurrence-Deceased	-0.2285740024358144	0.3823490688914303	Medulloblastoma	merged	1	FALSE	FALSE
HALLMARK_HYPOXIA	Progressive-Diagnosis	0.01316877732270072	0.9999055356213551	Medulloblastoma	merged	1	FALSE	FALSE
HALLMARK_HYPOXIA	Recurrence-Diagnosis	0.014651293089993744	0.9998477306818057	Medulloblastoma	merged	1	FALSE	FALSE
HALLMARK_HYPOXIA	Recurrence-Progressive	0.0014825157672930245	0.9999994663321168	Medulloblastoma	merged	1	FALSE	FALSE
HALLMARK_IL2_STAT5_SIGNALING	Diagnosis-Deceased	-0.0375481804503317	0.9988277827779892	Medulloblastoma	merged	1	FALSE	FALSE
HALLMARK_IL2_STAT5_SIGNALING	Progressive-Deceased	-0.10160844535386138	0.9455970411617224	Medulloblastoma	merged	1	FALSE	FALSE
HALLMARK_IL2_STAT5_SIGNALING	Recurrence-Deceased	-0.06165681139325824	0.982386364911648	Medulloblastoma	merged	1	FALSE	FALSE
HALLMARK_IL2_STAT5_SIGNALING	Progressive-Diagnosis	-0.06406026490352967	0.9938556827161884	Medulloblastoma	merged	1	FALSE	FALSE
HALLMARK_IL2_STAT5_SIGNALING	Recurrence-Diagnosis	-0.024108630942926534	0.9996070954389931	Medulloblastoma	merged	1	FALSE	FALSE
HALLMARK_IL2_STAT5_SIGNALING	Recurrence-Progressive	0.03995163396060314	0.9941039431674024	Medulloblastoma	merged	1	FALSE	FALSE
HALLMARK_IL6_JAK_STAT3_SIGNALING	Diagnosis-Deceased	-0.07240334615042249	0.9912541830971462	Medulloblastoma	merged	1	FALSE	FALSE
HALLMARK_IL6_JAK_STAT3_SIGNALING	Progressive-Deceased	-0.09482457119738696	0.9521992993076489	Medulloblastoma	merged	1	FALSE	FALSE
HALLMARK_IL6_JAK_STAT3_SIGNALING	Recurrence-Deceased	0.028667997216142216	0.9980201373527026	Medulloblastoma	merged	1	FALSE	FALSE
HALLMARK_IL6_JAK_STAT3_SIGNALING	Progressive-Diagnosis	-0.022421225046964477	0.9997113158949176	Medulloblastoma	merged	1	FALSE	FALSE
HALLMARK_IL6_JAK_STAT3_SIGNALING	Recurrence-Diagnosis	0.1010713433665647	0.971353874002759	Medulloblastoma	merged	1	FALSE	FALSE
HALLMARK_IL6_JAK_STAT3_SIGNALING	Recurrence-Progressive	0.12349256841352918	0.8533438246896142	Medulloblastoma	merged	1	FALSE	FALSE
HALLMARK_INFLAMMATORY_RESPONSE	Diagnosis-Deceased	-0.10939649439241717	0.9832831484010185	Medulloblastoma	merged	1	FALSE	FALSE
HALLMARK_INFLAMMATORY_RESPONSE	Progressive-Deceased	-0.1002197619555496	0.9672114169125949	Medulloblastoma	merged	1	FALSE	FALSE
HALLMARK_INFLAMMATORY_RESPONSE	Recurrence-Deceased	-0.005647001279475927	0.9999913327634802	Medulloblastoma	merged	1	FALSE	FALSE
HALLMARK_INFLAMMATORY_RESPONSE	Progressive-Diagnosis	0.009176732436867563	0.9999887725521501	Medulloblastoma	merged	1	FALSE	FALSE
HALLMARK_INFLAMMATORY_RESPONSE	Recurrence-Diagnosis	0.10374949311294124	0.9820804589788213	Medulloblastoma	merged	1	FALSE	FALSE
HALLMARK_INFLAMMATORY_RESPONSE	Recurrence-Progressive	0.09457276067607367	0.9564467284968582	Medulloblastoma	merged	1	FALSE	FALSE
HALLMARK_INTERFERON_ALPHA_RESPONSE	Diagnosis-Deceased	0.12769238888695156	0.9268145485847107	Medulloblastoma	merged	1	FALSE	FALSE
HALLMARK_INTERFERON_ALPHA_RESPONSE	Progressive-Deceased	-0.0027798980251416694	0.9999976658759807	Medulloblastoma	merged	1	FALSE	FALSE
HALLMARK_INTERFERON_ALPHA_RESPONSE	Recurrence-Deceased	0.12381738241591989	0.8011590980346484	Medulloblastoma	merged	1	FALSE	FALSE
HALLMARK_INTERFERON_ALPHA_RESPONSE	Progressive-Diagnosis	-0.13047228691209323	0.9172392285198917	Medulloblastoma	merged	1	FALSE	FALSE
HALLMARK_INTERFERON_ALPHA_RESPONSE	Recurrence-Diagnosis	-0.0038750064710316723	0.9999969798890411	Medulloblastoma	merged	1	FALSE	FALSE
HALLMARK_INTERFERON_ALPHA_RESPONSE	Recurrence-Progressive	0.12659728044106155	0.7601100386857793	Medulloblastoma	merged	1	FALSE	FALSE
HALLMARK_INTERFERON_GAMMA_RESPONSE	Diagnosis-Deceased	0.09173134939821886	0.9754960648833988	Medulloblastoma	merged	1	FALSE	FALSE
HALLMARK_INTERFERON_GAMMA_RESPONSE	Progressive-Deceased	-0.015938380480381986	0.9996367160864323	Medulloblastoma	merged	1	FALSE	FALSE
HALLMARK_INTERFERON_GAMMA_RESPONSE	Recurrence-Deceased	0.08087348407095496	0.9435439610248875	Medulloblastoma	merged	1	FALSE	FALSE
HALLMARK_INTERFERON_GAMMA_RESPONSE	Progressive-Diagnosis	-0.10766972987860085	0.9587171391334386	Medulloblastoma	merged	1	FALSE	FALSE
HALLMARK_INTERFERON_GAMMA_RESPONSE	Recurrence-Diagnosis	-0.010857865327263905	0.9999449627325865	Medulloblastoma	merged	1	FALSE	FALSE
HALLMARK_INTERFERON_GAMMA_RESPONSE	Recurrence-Progressive	0.09681186455133695	0.8930964928727341	Medulloblastoma	merged	1	FALSE	FALSE
HALLMARK_KRAS_SIGNALING_DN	Diagnosis-Deceased	-0.08062110640011819	0.6663167354173906	Medulloblastoma	merged	1	FALSE	FALSE
HALLMARK_KRAS_SIGNALING_DN	Progressive-Deceased	-0.019378394638515622	0.9806476338122634	Medulloblastoma	merged	1	FALSE	FALSE
HALLMARK_KRAS_SIGNALING_DN	Recurrence-Deceased	-0.07846477417309797	0.3488044026469923	Medulloblastoma	merged	1	FALSE	FALSE
HALLMARK_KRAS_SIGNALING_DN	Progressive-Diagnosis	0.061242711761602564	0.8088328850138855	Medulloblastoma	merged	1	FALSE	FALSE
HALLMARK_KRAS_SIGNALING_DN	Recurrence-Diagnosis	0.002156332227020219	0.9999864492951809	Medulloblastoma	merged	1	FALSE	FALSE
HALLMARK_KRAS_SIGNALING_DN	Recurrence-Progressive	-0.059086379534582345	0.5373684242603393	Medulloblastoma	merged	1	FALSE	FALSE
HALLMARK_KRAS_SIGNALING_UP	Diagnosis-Deceased	0.09554383673674924	0.9650571151507759	Medulloblastoma	merged	1	FALSE	FALSE
HALLMARK_KRAS_SIGNALING_UP	Progressive-Deceased	-0.06070146204963264	0.9758548599462227	Medulloblastoma	merged	1	FALSE	FALSE
HALLMARK_KRAS_SIGNALING_UP	Recurrence-Deceased	-0.04058487747554526	0.9899247017968806	Medulloblastoma	merged	1	FALSE	FALSE
HALLMARK_KRAS_SIGNALING_UP	Progressive-Diagnosis	-0.15624529878638188	0.8602524142141669	Medulloblastoma	merged	1	FALSE	FALSE
HALLMARK_KRAS_SIGNALING_UP	Recurrence-Diagnosis	-0.1361287142122945	0.8874810658224996	Medulloblastoma	merged	1	FALSE	FALSE
HALLMARK_KRAS_SIGNALING_UP	Recurrence-Progressive	0.02011658457408738	0.9984931694222718	Medulloblastoma	merged	1	FALSE	FALSE
HALLMARK_MITOTIC_SPINDLE	Diagnosis-Deceased	0.3052070989640226	0.2288531725626919	Medulloblastoma	merged	1	FALSE	FALSE
HALLMARK_MITOTIC_SPINDLE	Progressive-Deceased	0.11483563373823073	0.7336791109956922	Medulloblastoma	merged	1	FALSE	FALSE
HALLMARK_MITOTIC_SPINDLE	Recurrence-Deceased	0.25327372352589317	0.08964793302778873	Medulloblastoma	merged	1	FALSE	FALSE
HALLMARK_MITOTIC_SPINDLE	Progressive-Diagnosis	-0.19037146522579185	0.5934735113874163	Medulloblastoma	merged	1	FALSE	FALSE
HALLMARK_MITOTIC_SPINDLE	Recurrence-Diagnosis	-0.051933375438129425	0.9829291487286588	Medulloblastoma	merged	1	FALSE	FALSE
HALLMARK_MITOTIC_SPINDLE	Recurrence-Progressive	0.13843808978766242	0.48103345393424446	Medulloblastoma	merged	1	FALSE	FALSE
HALLMARK_MTORC1_SIGNALING	Diagnosis-Deceased	-0.06545367051286533	0.9727976732325684	Medulloblastoma	merged	1	FALSE	FALSE
HALLMARK_MTORC1_SIGNALING	Progressive-Deceased	0.07260951458733816	0.9116516243886678	Medulloblastoma	merged	1	FALSE	FALSE
HALLMARK_MTORC1_SIGNALING	Recurrence-Deceased	0.09935228408245231	0.7543412966609928	Medulloblastoma	merged	1	FALSE	FALSE
HALLMARK_MTORC1_SIGNALING	Progressive-Diagnosis	0.1380631851002035	0.7909013211025127	Medulloblastoma	merged	1	FALSE	FALSE
HALLMARK_MTORC1_SIGNALING	Recurrence-Diagnosis	0.1648059545953176	0.6544282310376354	Medulloblastoma	merged	1	FALSE	FALSE
HALLMARK_MTORC1_SIGNALING	Recurrence-Progressive	0.026742769495114144	0.9917539955995475	Medulloblastoma	merged	1	FALSE	FALSE
HALLMARK_MYC_TARGETS_V1	Diagnosis-Deceased	0.0830902014259563	0.9477874893566687	Medulloblastoma	merged	1	FALSE	FALSE
HALLMARK_MYC_TARGETS_V1	Progressive-Deceased	0.09483484642126733	0.8282955642256596	Medulloblastoma	merged	1	FALSE	FALSE
HALLMARK_MYC_TARGETS_V1	Recurrence-Deceased	0.05178951463126494	0.9544191847476449	Medulloblastoma	merged	1	FALSE	FALSE
HALLMARK_MYC_TARGETS_V1	Progressive-Diagnosis	0.011744644995311027	0.9998207838279723	Medulloblastoma	merged	1	FALSE	FALSE
HALLMARK_MYC_TARGETS_V1	Recurrence-Diagnosis	-0.03130068679469136	0.996098773916716	Medulloblastoma	merged	1	FALSE	FALSE
HALLMARK_MYC_TARGETS_V1	Recurrence-Progressive	-0.04304533179000239	0.9679848733652663	Medulloblastoma	merged	1	FALSE	FALSE
HALLMARK_MYC_TARGETS_V2	Diagnosis-Deceased	-0.08036919003404502	0.9478569206365887	Medulloblastoma	merged	1	FALSE	FALSE
HALLMARK_MYC_TARGETS_V2	Progressive-Deceased	0.19869419881272027	0.28291573972825856	Medulloblastoma	merged	1	FALSE	FALSE
HALLMARK_MYC_TARGETS_V2	Recurrence-Deceased	0.03172262120505648	0.9876363176781193	Medulloblastoma	merged	1	FALSE	FALSE
HALLMARK_MYC_TARGETS_V2	Progressive-Diagnosis	0.2790633888467653	0.25128892144202775	Medulloblastoma	merged	1	FALSE	FALSE
HALLMARK_MYC_TARGETS_V2	Recurrence-Diagnosis	0.1120918112391015	0.8466987459354307	Medulloblastoma	merged	1	FALSE	FALSE
HALLMARK_MYC_TARGETS_V2	Recurrence-Progressive	-0.1669715776076638	0.2946448760491913	Medulloblastoma	merged	1	FALSE	FALSE
HALLMARK_MYOGENESIS	Diagnosis-Deceased	-0.19764161755898949	0.6289963628132074	Medulloblastoma	merged	1	FALSE	FALSE
HALLMARK_MYOGENESIS	Progressive-Deceased	-0.179624813635979	0.44688307157739604	Medulloblastoma	merged	1	FALSE	FALSE
HALLMARK_MYOGENESIS	Recurrence-Deceased	-0.08734543376427215	0.8461760526251203	Medulloblastoma	merged	1	FALSE	FALSE
HALLMARK_MYOGENESIS	Progressive-Diagnosis	0.01801680392301047	0.9994658693546467	Medulloblastoma	merged	1	FALSE	FALSE
HALLMARK_MYOGENESIS	Recurrence-Diagnosis	0.11029618379471734	0.8844263877112901	Medulloblastoma	merged	1	FALSE	FALSE
HALLMARK_MYOGENESIS	Recurrence-Progressive	0.09227937987170687	0.7975028915402423	Medulloblastoma	merged	1	FALSE	FALSE
HALLMARK_NOTCH_SIGNALING	Diagnosis-Deceased	-0.004072099620663447	0.999996388752415	Medulloblastoma	merged	1	FALSE	FALSE
HALLMARK_NOTCH_SIGNALING	Progressive-Deceased	-0.18537129251369291	0.5497802125585483	Medulloblastoma	merged	1	FALSE	FALSE
HALLMARK_NOTCH_SIGNALING	Recurrence-Deceased	-0.01781000215140019	0.998932353904582	Medulloblastoma	merged	1	FALSE	FALSE
HALLMARK_NOTCH_SIGNALING	Progressive-Diagnosis	-0.18129919289302948	0.7665355035949799	Medulloblastoma	merged	1	FALSE	FALSE
HALLMARK_NOTCH_SIGNALING	Recurrence-Diagnosis	-0.013737902530736743	0.9998256859604742	Medulloblastoma	merged	1	FALSE	FALSE
HALLMARK_NOTCH_SIGNALING	Recurrence-Progressive	0.16756129036229273	0.5023198334204404	Medulloblastoma	merged	1	FALSE	FALSE
HALLMARK_OXIDATIVE_PHOSPHORYLATION	Diagnosis-Deceased	-0.17785723663112818	0.17860516163307072	Medulloblastoma	merged	1	FALSE	FALSE
HALLMARK_OXIDATIVE_PHOSPHORYLATION	Progressive-Deceased	0.07842823238941213	0.5743010069714968	Medulloblastoma	merged	1	FALSE	FALSE
HALLMARK_OXIDATIVE_PHOSPHORYLATION	Recurrence-Deceased	0.12516323572136165	0.13500490801183695	Medulloblastoma	merged	1	FALSE	FALSE
HALLMARK_OXIDATIVE_PHOSPHORYLATION	Progressive-Diagnosis	0.2562854690205403	0.02489732361077701	Medulloblastoma	merged	1	FALSE	FALSE
HALLMARK_OXIDATIVE_PHOSPHORYLATION	Recurrence-Diagnosis	0.30302047235248986	0.004614429648270191	Medulloblastoma	merged	0.23072148241350954	TRUE	FALSE
HALLMARK_OXIDATIVE_PHOSPHORYLATION	Recurrence-Progressive	0.04673500333194952	0.8007833493855857	Medulloblastoma	merged	1	FALSE	FALSE
HALLMARK_P53_PATHWAY	Diagnosis-Deceased	-0.0375475359403466	0.9951811158919386	Medulloblastoma	merged	1	FALSE	FALSE
HALLMARK_P53_PATHWAY	Progressive-Deceased	-0.0393106291604407	0.985790262449828	Medulloblastoma	merged	1	FALSE	FALSE
HALLMARK_P53_PATHWAY	Recurrence-Deceased	-0.01694682016819929	0.9984006827429439	Medulloblastoma	merged	1	FALSE	FALSE
HALLMARK_P53_PATHWAY	Progressive-Diagnosis	-0.001763093220094103	0.999999450085855	Medulloblastoma	merged	1	FALSE	FALSE
HALLMARK_P53_PATHWAY	Recurrence-Diagnosis	0.02060071577214731	0.9989812278548936	Medulloblastoma	merged	1	FALSE	FALSE
HALLMARK_P53_PATHWAY	Recurrence-Progressive	0.022363808992241413	0.9956623614416489	Medulloblastoma	merged	1	FALSE	FALSE
HALLMARK_PANCREAS_BETA_CELLS	Diagnosis-Deceased	0.06147386221184695	0.6537234580939317	Medulloblastoma	merged	1	FALSE	FALSE
HALLMARK_PANCREAS_BETA_CELLS	Progressive-Deceased	-0.051382197146142394	0.5450735635955465	Medulloblastoma	merged	1	FALSE	FALSE
HALLMARK_PANCREAS_BETA_CELLS	Recurrence-Deceased	-0.11420420630005915	0.01756995510012538	Medulloblastoma	merged	0.8784977550062689	FALSE	FALSE
HALLMARK_PANCREAS_BETA_CELLS	Progressive-Diagnosis	-0.11285605935798934	0.16011556621975898	Medulloblastoma	merged	1	FALSE	FALSE
HALLMARK_PANCREAS_BETA_CELLS	Recurrence-Diagnosis	-0.1756780685119061	0.009359918677991463	Medulloblastoma	merged	0.46799593389957317	TRUE	FALSE
HALLMARK_PANCREAS_BETA_CELLS	Recurrence-Progressive	-0.06282200915391675	0.24793061719131493	Medulloblastoma	merged	1	FALSE	FALSE
HALLMARK_PEROXISOME	Diagnosis-Deceased	0.050407348583020206	0.9161527918892485	Medulloblastoma	merged	1	FALSE	FALSE
HALLMARK_PEROXISOME	Progressive-Deceased	0.01070113178705373	0.9975173819760603	Medulloblastoma	merged	1	FALSE	FALSE
HALLMARK_PEROXISOME	Recurrence-Deceased	0.19438807695205063	0.006129165953124294	Medulloblastoma	merged	0.3064582976562147	TRUE	FALSE
HALLMARK_PEROXISOME	Progressive-Diagnosis	-0.039706216795966476	0.9531849048970241	Medulloblastoma	merged	1	FALSE	FALSE
HALLMARK_PEROXISOME	Recurrence-Diagnosis	0.14398072836903042	0.22698771817567176	Medulloblastoma	merged	1	FALSE	FALSE
HALLMARK_PEROXISOME	Recurrence-Progressive	0.1836869451649969	0.00601372798008859	Medulloblastoma	merged	0.3006863990044295	TRUE	FALSE
HALLMARK_PI3K_AKT_MTOR_SIGNALING	Diagnosis-Deceased	0.17233459972175436	0.6732065938757164	Medulloblastoma	merged	1	FALSE	FALSE
HALLMARK_PI3K_AKT_MTOR_SIGNALING	Progressive-Deceased	0.11035854472202533	0.7489003263092244	Medulloblastoma	merged	1	FALSE	FALSE
HALLMARK_PI3K_AKT_MTOR_SIGNALING	Recurrence-Deceased	0.3349390495253728	0.01557936860277176	Medulloblastoma	merged	0.778968430138588	FALSE	FALSE
HALLMARK_PI3K_AKT_MTOR_SIGNALING	Progressive-Diagnosis	-0.061976054999729024	0.9746792101584325	Medulloblastoma	merged	1	FALSE	FALSE
HALLMARK_PI3K_AKT_MTOR_SIGNALING	Recurrence-Diagnosis	0.16260444980361846	0.660270378822465	Medulloblastoma	merged	1	FALSE	FALSE
HALLMARK_PI3K_AKT_MTOR_SIGNALING	Recurrence-Progressive	0.22458050480334749	0.11185057550811095	Medulloblastoma	merged	1	FALSE	FALSE
HALLMARK_PROTEIN_SECRETION	Diagnosis-Deceased	0.5419798229705216	0.11284735591492656	Medulloblastoma	merged	1	FALSE	FALSE
HALLMARK_PROTEIN_SECRETION	Progressive-Deceased	0.21648846905177122	0.5621533668030115	Medulloblastoma	merged	1	FALSE	FALSE
HALLMARK_PROTEIN_SECRETION	Recurrence-Deceased	0.5565528727483726	0.006777266246058344	Medulloblastoma	merged	0.3388633123029172	TRUE	FALSE
HALLMARK_PROTEIN_SECRETION	Progressive-Diagnosis	-0.3254913539187504	0.4730051557023637	Medulloblastoma	merged	1	FALSE	FALSE
HALLMARK_PROTEIN_SECRETION	Recurrence-Diagnosis	0.014573049777851066	0.9998752595451603	Medulloblastoma	merged	1	FALSE	FALSE
HALLMARK_PROTEIN_SECRETION	Recurrence-Progressive	0.3400644036966014	0.1048475013582425	Medulloblastoma	merged	1	FALSE	FALSE
HALLMARK_REACTIVE_OXYGEN_SPECIES_PATHWAY	Diagnosis-Deceased	-0.11892953246772728	0.9004347576265377	Medulloblastoma	merged	1	FALSE	FALSE
HALLMARK_REACTIVE_OXYGEN_SPECIES_PATHWAY	Progressive-Deceased	0.011332092136102756	0.9997238132164246	Medulloblastoma	merged	1	FALSE	FALSE
HALLMARK_REACTIVE_OXYGEN_SPECIES_PATHWAY	Recurrence-Deceased	0.07119748608047574	0.9214130155062429	Medulloblastoma	merged	1	FALSE	FALSE
HALLMARK_REACTIVE_OXYGEN_SPECIES_PATHWAY	Progressive-Diagnosis	0.13026162460383003	0.8660421098659785	Medulloblastoma	merged	1	FALSE	FALSE
HALLMARK_REACTIVE_OXYGEN_SPECIES_PATHWAY	Recurrence-Diagnosis	0.19012701854820302	0.6415678330477863	Medulloblastoma	merged	1	FALSE	FALSE
HALLMARK_REACTIVE_OXYGEN_SPECIES_PATHWAY	Recurrence-Progressive	0.059865393944372985	0.9423577351299416	Medulloblastoma	merged	1	FALSE	FALSE
HALLMARK_SPERMATOGENESIS	Diagnosis-Deceased	-0.032369042818391286	0.9958874589200496	Medulloblastoma	merged	1	FALSE	FALSE
HALLMARK_SPERMATOGENESIS	Progressive-Deceased	-0.10250029414084656	0.761877307925363	Medulloblastoma	merged	1	FALSE	FALSE
HALLMARK_SPERMATOGENESIS	Recurrence-Deceased	-0.041876276840438764	0.970178210932833	Medulloblastoma	merged	1	FALSE	FALSE
HALLMARK_SPERMATOGENESIS	Progressive-Diagnosis	-0.07013125132245528	0.9586208872292281	Medulloblastoma	merged	1	FALSE	FALSE
HALLMARK_SPERMATOGENESIS	Recurrence-Diagnosis	-0.009507234022047478	0.9998660964306578	Medulloblastoma	merged	1	FALSE	FALSE
HALLMARK_SPERMATOGENESIS	Recurrence-Progressive	0.0606240173004078	0.9033257845328182	Medulloblastoma	merged	1	FALSE	FALSE
HALLMARK_TGF_BETA_SIGNALING	Diagnosis-Deceased	0.07145034638026865	0.9878884768048961	Medulloblastoma	merged	1	FALSE	FALSE
HALLMARK_TGF_BETA_SIGNALING	Progressive-Deceased	-0.08441486851179555	0.9510629322201942	Medulloblastoma	merged	1	FALSE	FALSE
HALLMARK_TGF_BETA_SIGNALING	Recurrence-Deceased	0.014106278480851026	0.9996538846724925	Medulloblastoma	merged	1	FALSE	FALSE
HALLMARK_TGF_BETA_SIGNALING	Progressive-Diagnosis	-0.1558652148920642	0.8863483272635149	Medulloblastoma	merged	1	FALSE	FALSE
HALLMARK_TGF_BETA_SIGNALING	Recurrence-Diagnosis	-0.05734406789941762	0.9920214699496273	Medulloblastoma	merged	1	FALSE	FALSE
HALLMARK_TGF_BETA_SIGNALING	Recurrence-Progressive	0.09852114699264658	0.8865166391429036	Medulloblastoma	merged	1	FALSE	FALSE
HALLMARK_TNFA_SIGNALING_VIA_NFKB	Diagnosis-Deceased	-0.1424656478553757	0.960100018676141	Medulloblastoma	merged	1	FALSE	FALSE
HALLMARK_TNFA_SIGNALING_VIA_NFKB	Progressive-Deceased	-0.15510471437364376	0.8801695986562141	Medulloblastoma	merged	1	FALSE	FALSE
HALLMARK_TNFA_SIGNALING_VIA_NFKB	Recurrence-Deceased	-0.019967009780890832	0.9995680808234679	Medulloblastoma	merged	1	FALSE	FALSE
HALLMARK_TNFA_SIGNALING_VIA_NFKB	Progressive-Diagnosis	-0.012639066518268072	0.9999668002258237	Medulloblastoma	merged	1	FALSE	FALSE
HALLMARK_TNFA_SIGNALING_VIA_NFKB	Recurrence-Diagnosis	0.12249863807448486	0.9675872479577259	Medulloblastoma	merged	1	FALSE	FALSE
HALLMARK_TNFA_SIGNALING_VIA_NFKB	Recurrence-Progressive	0.13513770459275293	0.8734372786096444	Medulloblastoma	merged	1	FALSE	FALSE
HALLMARK_UNFOLDED_PROTEIN_RESPONSE	Diagnosis-Deceased	0.029135016721039575	0.9954404226752805	Medulloblastoma	merged	1	FALSE	FALSE
HALLMARK_UNFOLDED_PROTEIN_RESPONSE	Progressive-Deceased	0.20095929440811064	0.15573948325456277	Medulloblastoma	merged	1	FALSE	FALSE
HALLMARK_UNFOLDED_PROTEIN_RESPONSE	Recurrence-Deceased	0.1724801354575753	0.1891365243382791	Medulloblastoma	merged	1	FALSE	FALSE
HALLMARK_UNFOLDED_PROTEIN_RESPONSE	Progressive-Diagnosis	0.17182427768707106	0.5128849903951176	Medulloblastoma	merged	1	FALSE	FALSE
HALLMARK_UNFOLDED_PROTEIN_RESPONSE	Recurrence-Diagnosis	0.14334511873653571	0.6140343794214307	Medulloblastoma	merged	1	FALSE	FALSE
HALLMARK_UNFOLDED_PROTEIN_RESPONSE	Recurrence-Progressive	-0.02847915895053535	0.9825082783442793	Medulloblastoma	merged	1	FALSE	FALSE
HALLMARK_UV_RESPONSE_DN	Diagnosis-Deceased	0.25462846308984816	0.5628103388787045	Medulloblastoma	merged	1	FALSE	FALSE
HALLMARK_UV_RESPONSE_DN	Progressive-Deceased	-0.04315842437196772	0.9894523109522684	Medulloblastoma	merged	1	FALSE	FALSE
HALLMARK_UV_RESPONSE_DN	Recurrence-Deceased	0.004190840578080323	0.9999864091386702	Medulloblastoma	merged	1	FALSE	FALSE
HALLMARK_UV_RESPONSE_DN	Progressive-Diagnosis	-0.2977868874618159	0.41266765450799603	Medulloblastoma	merged	1	FALSE	FALSE
HALLMARK_UV_RESPONSE_DN	Recurrence-Diagnosis	-0.2504376225117679	0.5139804845693949	Medulloblastoma	merged	1	FALSE	FALSE
HALLMARK_UV_RESPONSE_DN	Recurrence-Progressive	0.04734926495004804	0.9781333618929593	Medulloblastoma	merged	1	FALSE	FALSE
HALLMARK_UV_RESPONSE_UP	Diagnosis-Deceased	-0.068302809351534155	0.9302271574704042	Medulloblastoma	merged	1	FALSE	FALSE
HALLMARK_UV_RESPONSE_UP	Progressive-Deceased	0.0023132176097309665	0.9999916688822281	Medulloblastoma	merged	1	FALSE	FALSE
HALLMARK_UV_RESPONSE_UP	Recurrence-Deceased	0.05703543350803028	0.8679629023472307	Medulloblastoma	merged	1	FALSE	FALSE
HALLMARK_UV_RESPONSE_UP	Progressive-Diagnosis	0.07061602696126512	0.9185394866635757	Medulloblastoma	merged	1	FALSE	FALSE
HALLMARK_UV_RESPONSE_UP	Recurrence-Diagnosis	0.12533824285956444	0.638547421429482	Medulloblastoma	merged	1	FALSE	FALSE
HALLMARK_UV_RESPONSE_UP	Recurrence-Progressive	0.054722215898299315	0.8620115004887555	Medulloblastoma	merged	1	FALSE	FALSE
HALLMARK_WNT_BETA_CATENIN_SIGNALING	Diagnosis-Deceased	-0.203837006567378	0.49637282320959575	Medulloblastoma	merged	1	FALSE	FALSE
HALLMARK_WNT_BETA_CATENIN_SIGNALING	Progressive-Deceased	-0.03052797037132747	0.9906698882605205	Medulloblastoma	merged	1	FALSE	FALSE
HALLMARK_WNT_BETA_CATENIN_SIGNALING	Recurrence-Deceased	0.025019160218339484	0.9930134172176595	Medulloblastoma	merged	1	FALSE	FALSE
HALLMARK_WNT_BETA_CATENIN_SIGNALING	Progressive-Diagnosis	0.17330903619605054	0.6060788286973071	Medulloblastoma	merged	1	FALSE	FALSE
HALLMARK_WNT_BETA_CATENIN_SIGNALING	Recurrence-Diagnosis	0.22885616678571746	0.3337941245395788	Medulloblastoma	merged	1	FALSE	FALSE
HALLMARK_WNT_BETA_CATENIN_SIGNALING	Recurrence-Progressive	0.055547130589666954	0.9204836471066635	Medulloblastoma	merged	1	FALSE	FALSE
HALLMARK_XENOBIOTIC_METABOLISM	Diagnosis-Deceased	-0.006149127067624466	0.9999757739587283	Medulloblastoma	merged	1	FALSE	FALSE
HALLMARK_XENOBIOTIC_METABOLISM	Progressive-Deceased	-0.020498569517354487	0.9976659649910232	Medulloblastoma	merged	1	FALSE	FALSE
HALLMARK_XENOBIOTIC_METABOLISM	Recurrence-Deceased	0.09926775436911892	0.7560368101395201	Medulloblastoma	merged	1	FALSE	FALSE
HALLMARK_XENOBIOTIC_METABOLISM	Progressive-Diagnosis	-0.014349442449730021	0.9996698628833987	Medulloblastoma	merged	1	FALSE	FALSE
HALLMARK_XENOBIOTIC_METABOLISM	Recurrence-Diagnosis	0.10541688143674338	0.877889910546295	Medulloblastoma	merged	1	FALSE	FALSE
HALLMARK_XENOBIOTIC_METABOLISM	Recurrence-Progressive	0.1197663238864734	0.5929254926115874	Medulloblastoma	merged	1	FALSE	FALSE
HALLMARK_ADIPOGENESIS	Diagnosis-Deceased	-0.031438177787153465	0.9990501111106365	Medulloblastoma	stranded	1	FALSE	FALSE
HALLMARK_ADIPOGENESIS	Progressive-Deceased	0.05393822755244282	0.9959256906697217	Medulloblastoma	stranded	1	FALSE	FALSE
HALLMARK_ADIPOGENESIS	Second Malignancy-Deceased	0.4229854155725001	0.4263916648409223	Medulloblastoma	stranded	1	FALSE	FALSE
HALLMARK_ADIPOGENESIS	Progressive-Diagnosis	0.08537640533959628	0.8481317414990377	Medulloblastoma	stranded	1	FALSE	FALSE
HALLMARK_ADIPOGENESIS	Second Malignancy-Diagnosis	0.45442359335965354	0.053677420390052966	Medulloblastoma	stranded	1	FALSE	FALSE
HALLMARK_ADIPOGENESIS	Second Malignancy-Progressive	0.36904718802005726	0.20755458044972996	Medulloblastoma	stranded	1	FALSE	FALSE
HALLMARK_ALLOGRAFT_REJECTION	Diagnosis-Deceased	0.051646123786894926	0.9788988058303233	Medulloblastoma	stranded	1	FALSE	FALSE
HALLMARK_ALLOGRAFT_REJECTION	Progressive-Deceased	0.08530793670621584	0.9254199376085308	Medulloblastoma	stranded	1	FALSE	FALSE
HALLMARK_ALLOGRAFT_REJECTION	Second Malignancy-Deceased	0.2190902620338856	0.5127285835422171	Medulloblastoma	stranded	1	FALSE	FALSE
HALLMARK_ALLOGRAFT_REJECTION	Progressive-Diagnosis	0.03366181291932091	0.9433030601916559	Medulloblastoma	stranded	1	FALSE	FALSE
HALLMARK_ALLOGRAFT_REJECTION	Second Malignancy-Diagnosis	0.16744413824699067	0.318993043335535	Medulloblastoma	stranded	1	FALSE	FALSE
HALLMARK_ALLOGRAFT_REJECTION	Second Malignancy-Progressive	0.13378232532766976	0.5836070096494876	Medulloblastoma	stranded	1	FALSE	FALSE
HALLMARK_ANDROGEN_RESPONSE	Diagnosis-Deceased	-0.025603316243310137	0.9993382699129998	Medulloblastoma	stranded	1	FALSE	FALSE
HALLMARK_ANDROGEN_RESPONSE	Progressive-Deceased	0.04306169105724128	0.9973168825420284	Medulloblastoma	stranded	1	FALSE	FALSE
HALLMARK_ANDROGEN_RESPONSE	Second Malignancy-Deceased	0.39372664933095	0.4155980122685826	Medulloblastoma	stranded	1	FALSE	FALSE
HALLMARK_ANDROGEN_RESPONSE	Progressive-Diagnosis	0.06866500730055142	0.8919050852329953	Medulloblastoma	stranded	1	FALSE	FALSE
HALLMARK_ANDROGEN_RESPONSE	Second Malignancy-Diagnosis	0.4193299655742601	0.05249754588534805	Medulloblastoma	stranded	1	FALSE	FALSE
HALLMARK_ANDROGEN_RESPONSE	Second Malignancy-Progressive	0.3506649582737087	0.1845761716647808	Medulloblastoma	stranded	1	FALSE	FALSE
HALLMARK_ANGIOGENESIS	Diagnosis-Deceased	-0.30728993480130956	0.7647777303729044	Medulloblastoma	stranded	1	FALSE	FALSE
HALLMARK_ANGIOGENESIS	Progressive-Deceased	-0.23200944958714412	0.8959165859785967	Medulloblastoma	stranded	1	FALSE	FALSE
HALLMARK_ANGIOGENESIS	Second Malignancy-Deceased	0.48294230503960317	0.5809811715100455	Medulloblastoma	stranded	1	FALSE	FALSE
HALLMARK_ANGIOGENESIS	Progressive-Diagnosis	0.07528048521416544	0.9532715849460487	Medulloblastoma	stranded	1	FALSE	FALSE
HALLMARK_ANGIOGENESIS	Second Malignancy-Diagnosis	0.7902322398409127	0.010729761446908292	Medulloblastoma	stranded	0.5364880723454146	FALSE	FALSE
HALLMARK_ANGIOGENESIS	Second Malignancy-Progressive	0.7149517546267473	0.04151173916965767	Medulloblastoma	stranded	1	FALSE	FALSE
HALLMARK_APICAL_JUNCTION	Diagnosis-Deceased	-0.27677827541530153	0.37793460941800716	Medulloblastoma	stranded	1	FALSE	FALSE
HALLMARK_APICAL_JUNCTION	Progressive-Deceased	-0.19449328757566306	0.6959772041857138	Medulloblastoma	stranded	1	FALSE	FALSE
HALLMARK_APICAL_JUNCTION	Second Malignancy-Deceased	0.12852937381129473	0.9185350278920568	Medulloblastoma	stranded	1	FALSE	FALSE
HALLMARK_APICAL_JUNCTION	Progressive-Diagnosis	0.08228498783963845	0.7156477752959658	Medulloblastoma	stranded	1	FALSE	FALSE
HALLMARK_APICAL_JUNCTION	Second Malignancy-Diagnosis	0.40530764922659623	0.015154579888569275	Medulloblastoma	stranded	0.7577289944284638	FALSE	FALSE
HALLMARK_APICAL_JUNCTION	Second Malignancy-Progressive	0.3230226613869578	0.10404566195075682	Medulloblastoma	stranded	1	FALSE	FALSE
HALLMARK_APICAL_SURFACE	Diagnosis-Deceased	-0.22388587754543215	0.6871145553713729	Medulloblastoma	stranded	1	FALSE	FALSE
HALLMARK_APICAL_SURFACE	Progressive-Deceased	-0.12227314448221976	0.9380689925633751	Medulloblastoma	stranded	1	FALSE	FALSE
HALLMARK_APICAL_SURFACE	Second Malignancy-Deceased	0.11393886462333824	0.964076320677356	Medulloblastoma	stranded	1	FALSE	FALSE
HALLMARK_APICAL_SURFACE	Progressive-Diagnosis	0.10161273306321239	0.6942466640226677	Medulloblastoma	stranded	1	FALSE	FALSE
HALLMARK_APICAL_SURFACE	Second Malignancy-Diagnosis	0.3378247421687704	0.12525428948064932	Medulloblastoma	stranded	1	FALSE	FALSE
HALLMARK_APICAL_SURFACE	Second Malignancy-Progressive	0.236212009105558	0.4687908905592292	Medulloblastoma	stranded	1	FALSE	FALSE
HALLMARK_APOPTOSIS	Diagnosis-Deceased	-0.013243690389304896	0.9998610256790972	Medulloblastoma	stranded	1	FALSE	FALSE
HALLMARK_APOPTOSIS	Progressive-Deceased	0.032803058088441195	0.9982007161755222	Medulloblastoma	stranded	1	FALSE	FALSE
HALLMARK_APOPTOSIS	Second Malignancy-Deceased	0.3514771866302827	0.3948368428687389	Medulloblastoma	stranded	1	FALSE	FALSE
HALLMARK_APOPTOSIS	Progressive-Diagnosis	0.04604674847774609	0.9464794348787908	Medulloblastoma	stranded	1	FALSE	FALSE
HALLMARK_APOPTOSIS	Second Malignancy-Diagnosis	0.3647208770195876	0.053064822906134346	Medulloblastoma	stranded	1	FALSE	FALSE
HALLMARK_APOPTOSIS	Second Malignancy-Progressive	0.3186741285418415	0.15740277103813427	Medulloblastoma	stranded	1	FALSE	FALSE
HALLMARK_BILE_ACID_METABOLISM	Diagnosis-Deceased	0.2358364304105821	0.5982094622873094	Medulloblastoma	stranded	1	FALSE	FALSE
HALLMARK_BILE_ACID_METABOLISM	Progressive-Deceased	0.25034794653728876	0.5907715114415473	Medulloblastoma	stranded	1	FALSE	FALSE
HALLMARK_BILE_ACID_METABOLISM	Second Malignancy-Deceased	0.43190698636654806	0.24305711004138975	Medulloblastoma	stranded	1	FALSE	FALSE
HALLMARK_BILE_ACID_METABOLISM	Progressive-Diagnosis	0.014511516126706647	0.9982445022358564	Medulloblastoma	stranded	1	FALSE	FALSE
HALLMARK_BILE_ACID_METABOLISM	Second Malignancy-Diagnosis	0.19607055595596595	0.48796567618179276	Medulloblastoma	stranded	1	FALSE	FALSE
HALLMARK_BILE_ACID_METABOLISM	Second Malignancy-Progressive	0.1815590398292593	0.6221535670323666	Medulloblastoma	stranded	1	FALSE	FALSE
HALLMARK_CHOLESTEROL_HOMEOSTASIS	Diagnosis-Deceased	-0.4520865746988149	0.1949258173945796	Medulloblastoma	stranded	1	FALSE	FALSE
HALLMARK_CHOLESTEROL_HOMEOSTASIS	Progressive-Deceased	-0.3055520649031495	0.5561110870968065	Medulloblastoma	stranded	1	FALSE	FALSE
HALLMARK_CHOLESTEROL_HOMEOSTASIS	Second Malignancy-Deceased	-0.0724638456716612	0.9923355750310434	Medulloblastoma	stranded	1	FALSE	FALSE
HALLMARK_CHOLESTEROL_HOMEOSTASIS	Progressive-Diagnosis	0.1465345097956654	0.47811298072137176	Medulloblastoma	stranded	1	FALSE	FALSE
HALLMARK_CHOLESTEROL_HOMEOSTASIS	Second Malignancy-Diagnosis	0.3796227290271537	0.10767754073912605	Medulloblastoma	stranded	1	FALSE	FALSE
HALLMARK_CHOLESTEROL_HOMEOSTASIS	Second Malignancy-Progressive	0.23308821923148831	0.5487786684000993	Medulloblastoma	stranded	1	FALSE	FALSE
HALLMARK_COAGULATION	Diagnosis-Deceased	-0.022261888705784827	0.999473087907421	Medulloblastoma	stranded	1	FALSE	FALSE
HALLMARK_COAGULATION	Progressive-Deceased	0.05087061445296304	0.9946960784277339	Medulloblastoma	stranded	1	FALSE	FALSE
HALLMARK_COAGULATION	Second Malignancy-Deceased	0.4590445282814261	0.2364617347117013	Medulloblastoma	stranded	1	FALSE	FALSE
HALLMARK_COAGULATION	Progressive-Diagnosis	0.07313250315874786	0.8507381900081739	Medulloblastoma	stranded	1	FALSE	FALSE
HALLMARK_COAGULATION	Second Malignancy-Diagnosis	0.48130641698721094	0.01352119676630359	Medulloblastoma	stranded	0.6760598383151795	FALSE	FALSE
HALLMARK_COAGULATION	Second Malignancy-Progressive	0.4081739138284631	0.07096543198532446	Medulloblastoma	stranded	1	FALSE	FALSE
HALLMARK_COMPLEMENT	Diagnosis-Deceased	0.02686024042112295	0.998642901455151	Medulloblastoma	stranded	1	FALSE	FALSE
HALLMARK_COMPLEMENT	Progressive-Deceased	0.0774461564767589	0.9737728818614535	Medulloblastoma	stranded	1	FALSE	FALSE
HALLMARK_COMPLEMENT	Second Malignancy-Deceased	0.45757935332426297	0.15040480474076223	Medulloblastoma	stranded	1	FALSE	FALSE
HALLMARK_COMPLEMENT	Progressive-Diagnosis	0.05058591605563595	0.9197307379288667	Medulloblastoma	stranded	1	FALSE	FALSE
HALLMARK_COMPLEMENT	Second Malignancy-Diagnosis	0.43071911290314	0.011730244843446869	Medulloblastoma	stranded	0.5865122421723434	FALSE	FALSE
HALLMARK_COMPLEMENT	Second Malignancy-Progressive	0.3801331968475041	0.051450668642762265	Medulloblastoma	stranded	1	FALSE	FALSE
HALLMARK_DNA_REPAIR	Diagnosis-Deceased	0.14864644312337014	0.7784839057317391	Medulloblastoma	stranded	1	FALSE	FALSE
HALLMARK_DNA_REPAIR	Progressive-Deceased	0.17568822028849318	0.7119082423225034	Medulloblastoma	stranded	1	FALSE	FALSE
HALLMARK_DNA_REPAIR	Second Malignancy-Deceased	0.256963577774348	0.52535357139728	Medulloblastoma	stranded	1	FALSE	FALSE
HALLMARK_DNA_REPAIR	Progressive-Diagnosis	0.027041777165123033	0.9813358840113207	Medulloblastoma	stranded	1	FALSE	FALSE
HALLMARK_DNA_REPAIR	Second Malignancy-Diagnosis	0.10831713465097785	0.7762045235273427	Medulloblastoma	stranded	1	FALSE	FALSE
HALLMARK_DNA_REPAIR	Second Malignancy-Progressive	0.08127535748585482	0.9132086378737252	Medulloblastoma	stranded	1	FALSE	FALSE
HALLMARK_E2F_TARGETS	Diagnosis-Deceased	-0.07932720108776686	0.8949910892549027	Medulloblastoma	stranded	1	FALSE	FALSE
HALLMARK_E2F_TARGETS	Progressive-Deceased	-0.01362757294889183	0.999442009905546	Medulloblastoma	stranded	1	FALSE	FALSE
HALLMARK_E2F_TARGETS	Second Malignancy-Deceased	-0.7027849386975966	1.4890213233120786e-4	Medulloblastoma	stranded	0.007445106616560393	TRUE	TRUE
HALLMARK_E2F_TARGETS	Progressive-Diagnosis	0.06569962813887503	0.591456206295498	Medulloblastoma	stranded	1	FALSE	FALSE
HALLMARK_E2F_TARGETS	Second Malignancy-Diagnosis	-0.6234577376098298	5.713768496118377e-7	Medulloblastoma	stranded	2.8568842480591883e-5	TRUE	TRUE
HALLMARK_E2F_TARGETS	Second Malignancy-Progressive	-0.6891573657487049	4.91418410852873e-7	Medulloblastoma	stranded	2.457092054264365e-5	TRUE	TRUE
HALLMARK_EPITHELIAL_MESENCHYMAL_TRANSITION	Diagnosis-Deceased	-0.2423944581729982	0.910389809062029	Medulloblastoma	stranded	1	FALSE	FALSE
HALLMARK_EPITHELIAL_MESENCHYMAL_TRANSITION	Progressive-Deceased	-0.23464830935763836	0.9281424176340562	Medulloblastoma	stranded	1	FALSE	FALSE
HALLMARK_EPITHELIAL_MESENCHYMAL_TRANSITION	Second Malignancy-Deceased	0.4154841539886244	0.7778343890634576	Medulloblastoma	stranded	1	FALSE	FALSE
HALLMARK_EPITHELIAL_MESENCHYMAL_TRANSITION	Progressive-Diagnosis	0.0077461488153598435	0.9999637751123411	Medulloblastoma	stranded	1	FALSE	FALSE
HALLMARK_EPITHELIAL_MESENCHYMAL_TRANSITION	Second Malignancy-Diagnosis	0.6578786121616227	0.0909672520004724	Medulloblastoma	stranded	1	FALSE	FALSE
HALLMARK_EPITHELIAL_MESENCHYMAL_TRANSITION	Second Malignancy-Progressive	0.6501324633462628	0.14430510687144438	Medulloblastoma	stranded	1	FALSE	FALSE
HALLMARK_ESTROGEN_RESPONSE_EARLY	Diagnosis-Deceased	-0.0691834728282617	0.9787355150731016	Medulloblastoma	stranded	1	FALSE	FALSE
HALLMARK_ESTROGEN_RESPONSE_EARLY	Progressive-Deceased	0.008517268341433515	0.9999635860711433	Medulloblastoma	stranded	1	FALSE	FALSE
HALLMARK_ESTROGEN_RESPONSE_EARLY	Second Malignancy-Deceased	0.3730542985511649	0.3067526112382014	Medulloblastoma	stranded	1	FALSE	FALSE
HALLMARK_ESTROGEN_RESPONSE_EARLY	Progressive-Diagnosis	0.07770074116969522	0.770460676705091	Medulloblastoma	stranded	1	FALSE	FALSE
HALLMARK_ESTROGEN_RESPONSE_EARLY	Second Malignancy-Diagnosis	0.4422377713794266	0.010328848400273483	Medulloblastoma	stranded	0.5164424200136741	FALSE	FALSE
HALLMARK_ESTROGEN_RESPONSE_EARLY	Second Malignancy-Progressive	0.3645370302097314	0.0688942041630568	Medulloblastoma	stranded	1	FALSE	FALSE
HALLMARK_ESTROGEN_RESPONSE_LATE	Diagnosis-Deceased	-0.14228445343374424	0.8463767901717442	Medulloblastoma	stranded	1	FALSE	FALSE
HALLMARK_ESTROGEN_RESPONSE_LATE	Progressive-Deceased	-0.06883133562529603	0.9815148858639534	Medulloblastoma	stranded	1	FALSE	FALSE
HALLMARK_ESTROGEN_RESPONSE_LATE	Second Malignancy-Deceased	0.2179700834806914	0.7232952685702376	Medulloblastoma	stranded	1	FALSE	FALSE
HALLMARK_ESTROGEN_RESPONSE_LATE	Progressive-Diagnosis	0.07345311780844821	0.795590767943021	Medulloblastoma	stranded	1	FALSE	FALSE
HALLMARK_ESTROGEN_RESPONSE_LATE	Second Malignancy-Diagnosis	0.36025453691443565	0.04217661545890816	Medulloblastoma	stranded	1	FALSE	FALSE
HALLMARK_ESTROGEN_RESPONSE_LATE	Second Malignancy-Progressive	0.28680141910598744	0.19297875972246026	Medulloblastoma	stranded	1	FALSE	FALSE
HALLMARK_FATTY_ACID_METABOLISM	Diagnosis-Deceased	-0.06251342019538822	0.9892498739316704	Medulloblastoma	stranded	1	FALSE	FALSE
HALLMARK_FATTY_ACID_METABOLISM	Progressive-Deceased	-0.007907221582341056	0.9999805081968738	Medulloblastoma	stranded	1	FALSE	FALSE
HALLMARK_FATTY_ACID_METABOLISM	Second Malignancy-Deceased	0.32403232082566014	0.5394129764304061	Medulloblastoma	stranded	1	FALSE	FALSE
HALLMARK_FATTY_ACID_METABOLISM	Progressive-Diagnosis	0.05460619861304716	0.933204718036279	Medulloblastoma	stranded	1	FALSE	FALSE
HALLMARK_FATTY_ACID_METABOLISM	Second Malignancy-Diagnosis	0.38654574102104833	0.06329368675386204	Medulloblastoma	stranded	1	FALSE	FALSE
HALLMARK_FATTY_ACID_METABOLISM	Second Malignancy-Progressive	0.33193954240800116	0.18913918673736685	Medulloblastoma	stranded	1	FALSE	FALSE
HALLMARK_G2M_CHECKPOINT	Diagnosis-Deceased	-0.09177388518794077	0.9039965273190089	Medulloblastoma	stranded	1	FALSE	FALSE
HALLMARK_G2M_CHECKPOINT	Progressive-Deceased	-0.004891719959551566	0.9999848824973758	Medulloblastoma	stranded	1	FALSE	FALSE
HALLMARK_G2M_CHECKPOINT	Second Malignancy-Deceased	-0.7439416017545304	6.535931803055561e-4	Medulloblastoma	stranded	0.03267965901527781	TRUE	FALSE
HALLMARK_G2M_CHECKPOINT	Progressive-Diagnosis	0.08688216522838921	0.511427827565327	Medulloblastoma	stranded	1	FALSE	FALSE
HALLMARK_G2M_CHECKPOINT	Second Malignancy-Diagnosis	-0.6521677165665897	4.961117020196859e-6	Medulloblastoma	stranded	2.4805585100984295e-4	TRUE	TRUE
HALLMARK_G2M_CHECKPOINT	Second Malignancy-Progressive	-0.7390498817949789	2.931119608917676e-6	Medulloblastoma	stranded	1.465559804458838e-4	TRUE	TRUE
HALLMARK_GLYCOLYSIS	Diagnosis-Deceased	-0.3072362718526943	0.4438119263976089	Medulloblastoma	stranded	1	FALSE	FALSE
HALLMARK_GLYCOLYSIS	Progressive-Deceased	-0.18643754803805526	0.817215550637608	Medulloblastoma	stranded	1	FALSE	FALSE
HALLMARK_GLYCOLYSIS	Second Malignancy-Deceased	0.13730710206434335	0.9403254205839275	Medulloblastoma	stranded	1	FALSE	FALSE
HALLMARK_GLYCOLYSIS	Progressive-Diagnosis	0.12079872381463908	0.5719943064254324	Medulloblastoma	stranded	1	FALSE	FALSE
HALLMARK_GLYCOLYSIS	Second Malignancy-Diagnosis	0.4445433739170377	0.028541406785684065	Medulloblastoma	stranded	1	FALSE	FALSE
HALLMARK_GLYCOLYSIS	Second Malignancy-Progressive	0.3237446501023986	0.2127423787040189	Medulloblastoma	stranded	1	FALSE	FALSE
HALLMARK_HEDGEHOG_SIGNALING	Diagnosis-Deceased	-0.4610130546139726	0.1986923961954501	Medulloblastoma	stranded	1	FALSE	FALSE
HALLMARK_HEDGEHOG_SIGNALING	Progressive-Deceased	-0.20112323683644973	0.8292514174399961	Medulloblastoma	stranded	1	FALSE	FALSE
HALLMARK_HEDGEHOG_SIGNALING	Second Malignancy-Deceased	-0.5081012523185685	0.256757645317923	Medulloblastoma	stranded	1	FALSE	FALSE
HALLMARK_HEDGEHOG_SIGNALING	Progressive-Diagnosis	0.25988981777752285	0.08291823712097401	Medulloblastoma	stranded	1	FALSE	FALSE
HALLMARK_HEDGEHOG_SIGNALING	Second Malignancy-Diagnosis	-0.04708819770459599	0.9913667227205853	Medulloblastoma	stranded	1	FALSE	FALSE
HALLMARK_HEDGEHOG_SIGNALING	Second Malignancy-Progressive	-0.3069780154821188	0.3368631089823715	Medulloblastoma	stranded	1	FALSE	FALSE
HALLMARK_HEME_METABOLISM	Diagnosis-Deceased	-0.005499528588274183	0.9999804991098498	Medulloblastoma	stranded	1	FALSE	FALSE
HALLMARK_HEME_METABOLISM	Progressive-Deceased	0.05474202748719606	0.9842923306996896	Medulloblastoma	stranded	1	FALSE	FALSE
HALLMARK_HEME_METABOLISM	Second Malignancy-Deceased	0.2012446640533035	0.662999313898939	Medulloblastoma	stranded	1	FALSE	FALSE
HALLMARK_HEME_METABOLISM	Progressive-Diagnosis	0.06024155607547024	0.8076497752097107	Medulloblastoma	stranded	1	FALSE	FALSE
HALLMARK_HEME_METABOLISM	Second Malignancy-Diagnosis	0.20674419264157767	0.2389367099406371	Medulloblastoma	stranded	1	FALSE	FALSE
HALLMARK_HEME_METABOLISM	Second Malignancy-Progressive	0.14650263656610743	0.5988238679929175	Medulloblastoma	stranded	1	FALSE	FALSE
HALLMARK_HYPOXIA	Diagnosis-Deceased	-0.4131467027141787	0.21748029115836043	Medulloblastoma	stranded	1	FALSE	FALSE
HALLMARK_HYPOXIA	Progressive-Deceased	-0.33647924170214144	0.42642487793879114	Medulloblastoma	stranded	1	FALSE	FALSE
HALLMARK_HYPOXIA	Second Malignancy-Deceased	-0.031115446183134277	0.9992583889138527	Medulloblastoma	stranded	1	FALSE	FALSE
HALLMARK_HYPOXIA	Progressive-Diagnosis	0.07666746101203725	0.8498182444626995	Medulloblastoma	stranded	1	FALSE	FALSE
HALLMARK_HYPOXIA	Second Malignancy-Diagnosis	0.3820312565310444	0.07866008007500214	Medulloblastoma	stranded	1	FALSE	FALSE
HALLMARK_HYPOXIA	Second Malignancy-Progressive	0.30536379551900716	0.2728366504228861	Medulloblastoma	stranded	1	FALSE	FALSE
HALLMARK_IL2_STAT5_SIGNALING	Diagnosis-Deceased	0.015373947594926718	0.9998766113826614	Medulloblastoma	stranded	1	FALSE	FALSE
HALLMARK_IL2_STAT5_SIGNALING	Progressive-Deceased	0.07677682086913562	0.9873392636453148	Medulloblastoma	stranded	1	FALSE	FALSE
HALLMARK_IL2_STAT5_SIGNALING	Second Malignancy-Deceased	0.3868973562631226	0.474411243033782	Medulloblastoma	stranded	1	FALSE	FALSE
HALLMARK_IL2_STAT5_SIGNALING	Progressive-Diagnosis	0.0614028732742089	0.9298717854751553	Medulloblastoma	stranded	1	FALSE	FALSE
HALLMARK_IL2_STAT5_SIGNALING	Second Malignancy-Diagnosis	0.3715234086681959	0.1249785634744135	Medulloblastoma	stranded	1	FALSE	FALSE
HALLMARK_IL2_STAT5_SIGNALING	Second Malignancy-Progressive	0.310120535393987	0.31729542752114837	Medulloblastoma	stranded	1	FALSE	FALSE
HALLMARK_IL6_JAK_STAT3_SIGNALING	Diagnosis-Deceased	0.03933961426757526	0.998049336323067	Medulloblastoma	stranded	1	FALSE	FALSE
HALLMARK_IL6_JAK_STAT3_SIGNALING	Progressive-Deceased	0.07605709213950429	0.9882334542295745	Medulloblastoma	stranded	1	FALSE	FALSE
HALLMARK_IL6_JAK_STAT3_SIGNALING	Second Malignancy-Deceased	0.5491298781291796	0.20101713666164034	Medulloblastoma	stranded	1	FALSE	FALSE
HALLMARK_IL6_JAK_STAT3_SIGNALING	Progressive-Diagnosis	0.03671747787192903	0.9842273983986702	Medulloblastoma	stranded	1	FALSE	FALSE
HALLMARK_IL6_JAK_STAT3_SIGNALING	Second Malignancy-Diagnosis	0.5097902638616043	0.023161380849133884	Medulloblastoma	stranded	1	FALSE	FALSE
HALLMARK_IL6_JAK_STAT3_SIGNALING	Second Malignancy-Progressive	0.4730727859896753	0.06477663713036852	Medulloblastoma	stranded	1	FALSE	FALSE
HALLMARK_INFLAMMATORY_RESPONSE	Diagnosis-Deceased	0.06465069822065772	0.9924508366105007	Medulloblastoma	stranded	1	FALSE	FALSE
HALLMARK_INFLAMMATORY_RESPONSE	Progressive-Deceased	0.1017915174423692	0.9756240507212923	Medulloblastoma	stranded	1	FALSE	FALSE
HALLMARK_INFLAMMATORY_RESPONSE	Second Malignancy-Deceased	0.558654882014914	0.21678738317424984	Medulloblastoma	stranded	1	FALSE	FALSE
HALLMARK_INFLAMMATORY_RESPONSE	Progressive-Diagnosis	0.037140819221711474	0.9854483127801452	Medulloblastoma	stranded	1	FALSE	FALSE
HALLMARK_INFLAMMATORY_RESPONSE	Second Malignancy-Diagnosis	0.4940041837942562	0.03706294402353061	Medulloblastoma	stranded	1	FALSE	FALSE
HALLMARK_INFLAMMATORY_RESPONSE	Second Malignancy-Progressive	0.45686336457254473	0.09470400247834232	Medulloblastoma	stranded	1	FALSE	FALSE
HALLMARK_INTERFERON_ALPHA_RESPONSE	Diagnosis-Deceased	0.08489392668212814	0.9667603662671931	Medulloblastoma	stranded	1	FALSE	FALSE
HALLMARK_INTERFERON_ALPHA_RESPONSE	Progressive-Deceased	0.10195067154826176	0.9517559731487086	Medulloblastoma	stranded	1	FALSE	FALSE
HALLMARK_INTERFERON_ALPHA_RESPONSE	Second Malignancy-Deceased	0.4228657618997306	0.2450428293075554	Medulloblastoma	stranded	1	FALSE	FALSE
HALLMARK_INTERFERON_ALPHA_RESPONSE	Progressive-Diagnosis	0.017056744866133622	0.9970017693602593	Medulloblastoma	stranded	1	FALSE	FALSE
HALLMARK_INTERFERON_ALPHA_RESPONSE	Second Malignancy-Diagnosis	0.33797183521760243	0.08151953953286606	Medulloblastoma	stranded	1	FALSE	FALSE
HALLMARK_INTERFERON_ALPHA_RESPONSE	Second Malignancy-Progressive	0.3209150903514688	0.15508921062958647	Medulloblastoma	stranded	1	FALSE	FALSE
HALLMARK_INTERFERON_GAMMA_RESPONSE	Diagnosis-Deceased	0.060306014703345845	0.9857479356351295	Medulloblastoma	stranded	1	FALSE	FALSE
HALLMARK_INTERFERON_GAMMA_RESPONSE	Progressive-Deceased	0.07828609473264059	0.9738484600271491	Medulloblastoma	stranded	1	FALSE	FALSE
HALLMARK_INTERFERON_GAMMA_RESPONSE	Second Malignancy-Deceased	0.4177758826882233	0.21926521165702928	Medulloblastoma	stranded	1	FALSE	FALSE
HALLMARK_INTERFERON_GAMMA_RESPONSE	Progressive-Diagnosis	0.017980080029294743	0.9959765596066961	Medulloblastoma	stranded	1	FALSE	FALSE
HALLMARK_INTERFERON_GAMMA_RESPONSE	Second Malignancy-Diagnosis	0.35746986798487745	0.046309796396291625	Medulloblastoma	stranded	1	FALSE	FALSE
HALLMARK_INTERFERON_GAMMA_RESPONSE	Second Malignancy-Progressive	0.3394897879555827	0.09922162340011376	Medulloblastoma	stranded	1	FALSE	FALSE
HALLMARK_KRAS_SIGNALING_DN	Diagnosis-Deceased	-0.09695672839469502	0.6276871366200584	Medulloblastoma	stranded	1	FALSE	FALSE
HALLMARK_KRAS_SIGNALING_DN	Progressive-Deceased	-0.04056891774196972	0.9625236946570022	Medulloblastoma	stranded	1	FALSE	FALSE
HALLMARK_KRAS_SIGNALING_DN	Second Malignancy-Deceased	-0.16535002795247883	0.3321085437632706	Medulloblastoma	stranded	1	FALSE	FALSE
HALLMARK_KRAS_SIGNALING_DN	Progressive-Diagnosis	0.0563878106527253	0.4355426483873718	Medulloblastoma	stranded	1	FALSE	FALSE
HALLMARK_KRAS_SIGNALING_DN	Second Malignancy-Diagnosis	-0.06839329955778381	0.647967253771597	Medulloblastoma	stranded	1	FALSE	FALSE
HALLMARK_KRAS_SIGNALING_DN	Second Malignancy-Progressive	-0.12478111021050911	0.23293253172300643	Medulloblastoma	stranded	1	FALSE	FALSE
HALLMARK_KRAS_SIGNALING_UP	Diagnosis-Deceased	0.10550494619107204	0.9484511449378779	Medulloblastoma	stranded	1	FALSE	FALSE
HALLMARK_KRAS_SIGNALING_UP	Progressive-Deceased	0.11996128652116933	0.9360851475991778	Medulloblastoma	stranded	1	FALSE	FALSE
HALLMARK_KRAS_SIGNALING_UP	Second Malignancy-Deceased	0.3646548270282809	0.4178997055211543	Medulloblastoma	stranded	1	FALSE	FALSE
HALLMARK_KRAS_SIGNALING_UP	Progressive-Diagnosis	0.014456340330097295	0.9984674730916707	Medulloblastoma	stranded	1	FALSE	FALSE
HALLMARK_KRAS_SIGNALING_UP	Second Malignancy-Diagnosis	0.2591498808372089	0.28709093816843934	Medulloblastoma	stranded	1	FALSE	FALSE
HALLMARK_KRAS_SIGNALING_UP	Second Malignancy-Progressive	0.2446935405071116	0.412292159106768	Medulloblastoma	stranded	1	FALSE	FALSE
HALLMARK_MITOTIC_SPINDLE	Diagnosis-Deceased	-0.1380615567517531	0.5639689955238503	Medulloblastoma	stranded	1	FALSE	FALSE
HALLMARK_MITOTIC_SPINDLE	Progressive-Deceased	-0.06766795819145621	0.9270989665097831	Medulloblastoma	stranded	1	FALSE	FALSE
HALLMARK_MITOTIC_SPINDLE	Second Malignancy-Deceased	-0.3730699112237785	0.03178777384741205	Medulloblastoma	stranded	1	FALSE	FALSE
HALLMARK_MITOTIC_SPINDLE	Progressive-Diagnosis	0.07039359856029691	0.47693377837835593	Medulloblastoma	stranded	1	FALSE	FALSE
HALLMARK_MITOTIC_SPINDLE	Second Malignancy-Diagnosis	-0.23500835447202542	0.025228129120526743	Medulloblastoma	stranded	1	FALSE	FALSE
HALLMARK_MITOTIC_SPINDLE	Second Malignancy-Progressive	-0.3054019530323223	0.006707769167500266	Medulloblastoma	stranded	0.3353884583750133	TRUE	FALSE
HALLMARK_MTORC1_SIGNALING	Diagnosis-Deceased	-0.3051730822345722	0.611370848925611	Medulloblastoma	stranded	1	FALSE	FALSE
HALLMARK_MTORC1_SIGNALING	Progressive-Deceased	-0.2139124678161219	0.8426184848016729	Medulloblastoma	stranded	1	FALSE	FALSE
HALLMARK_MTORC1_SIGNALING	Second Malignancy-Deceased	0.08222909032627085	0.9921852429427733	Medulloblastoma	stranded	1	FALSE	FALSE
HALLMARK_MTORC1_SIGNALING	Progressive-Diagnosis	0.09126061441845029	0.8512588829237188	Medulloblastoma	stranded	1	FALSE	FALSE
HALLMARK_MTORC1_SIGNALING	Second Malignancy-Diagnosis	0.38740217256084303	0.16394709766419358	Medulloblastoma	stranded	1	FALSE	FALSE
HALLMARK_MTORC1_SIGNALING	Second Malignancy-Progressive	0.29614155814239274	0.4487350807172191	Medulloblastoma	stranded	1	FALSE	FALSE
HALLMARK_MYC_TARGETS_V1	Diagnosis-Deceased	-0.08399076633501673	0.9829289357867077	Medulloblastoma	stranded	1	FALSE	FALSE
HALLMARK_MYC_TARGETS_V1	Progressive-Deceased	0.05936755135652677	0.9946506684167169	Medulloblastoma	stranded	1	FALSE	FALSE
HALLMARK_MYC_TARGETS_V1	Second Malignancy-Deceased	0.00400132163183857	0.9999988477116737	Medulloblastoma	stranded	1	FALSE	FALSE
HALLMARK_MYC_TARGETS_V1	Progressive-Diagnosis	0.1433583176915435	0.5368289101033061	Medulloblastoma	stranded	1	FALSE	FALSE
HALLMARK_MYC_TARGETS_V1	Second Malignancy-Diagnosis	0.0879920879668553	0.9515733422776849	Medulloblastoma	stranded	1	FALSE	FALSE
HALLMARK_MYC_TARGETS_V1	Second Malignancy-Progressive	-0.0553662297246882	0.990086947357461	Medulloblastoma	stranded	1	FALSE	FALSE
HALLMARK_MYC_TARGETS_V2	Diagnosis-Deceased	0.21982168193386076	0.8534767028075799	Medulloblastoma	stranded	1	FALSE	FALSE
HALLMARK_MYC_TARGETS_V2	Progressive-Deceased	0.4750973657377252	0.37417925315626344	Medulloblastoma	stranded	1	FALSE	FALSE
HALLMARK_MYC_TARGETS_V2	Second Malignancy-Deceased	0.1598747867809045	0.9609092688715244	Medulloblastoma	stranded	1	FALSE	FALSE
HALLMARK_MYC_TARGETS_V2	Progressive-Diagnosis	0.25527568380386445	0.2077816506673854	Medulloblastoma	stranded	1	FALSE	FALSE
HALLMARK_MYC_TARGETS_V2	Second Malignancy-Diagnosis	-0.05994689515295626	0.9902782883097514	Medulloblastoma	stranded	1	FALSE	FALSE
HALLMARK_MYC_TARGETS_V2	Second Malignancy-Progressive	-0.3152225789568207	0.48584023872259796	Medulloblastoma	stranded	1	FALSE	FALSE
HALLMARK_MYOGENESIS	Diagnosis-Deceased	-0.30460824469811376	0.2663769296600471	Medulloblastoma	stranded	1	FALSE	FALSE
HALLMARK_MYOGENESIS	Progressive-Deceased	-0.21712995173059882	0.58994529235659	Medulloblastoma	stranded	1	FALSE	FALSE
HALLMARK_MYOGENESIS	Second Malignancy-Deceased	0.03427291174341138	0.9979746563992615	Medulloblastoma	stranded	1	FALSE	FALSE
HALLMARK_MYOGENESIS	Progressive-Diagnosis	0.08747829296751491	0.6493113801269028	Medulloblastoma	stranded	1	FALSE	FALSE
HALLMARK_MYOGENESIS	Second Malignancy-Diagnosis	0.3388811564415251	0.03980470786075463	Medulloblastoma	stranded	1	FALSE	FALSE
HALLMARK_MYOGENESIS	Second Malignancy-Progressive	0.2514028634740102	0.23718864365152892	Medulloblastoma	stranded	1	FALSE	FALSE
HALLMARK_NOTCH_SIGNALING	Diagnosis-Deceased	0.04439361096495187	0.9954747828851327	Medulloblastoma	stranded	1	FALSE	FALSE
HALLMARK_NOTCH_SIGNALING	Progressive-Deceased	0.1739050051932326	0.8229182270739869	Medulloblastoma	stranded	1	FALSE	FALSE
HALLMARK_NOTCH_SIGNALING	Second Malignancy-Deceased	0.5686603355328625	0.08775668319349617	Medulloblastoma	stranded	1	FALSE	FALSE
HALLMARK_NOTCH_SIGNALING	Progressive-Diagnosis	0.12951139422828073	0.4679906040297628	Medulloblastoma	stranded	1	FALSE	FALSE
HALLMARK_NOTCH_SIGNALING	Second Malignancy-Diagnosis	0.5242667245679107	0.005037123502630303	Medulloblastoma	stranded	0.25185617513151515	TRUE	FALSE
HALLMARK_NOTCH_SIGNALING	Second Malignancy-Progressive	0.3947553303396299	0.07136550229064942	Medulloblastoma	stranded	1	FALSE	FALSE
HALLMARK_OXIDATIVE_PHOSPHORYLATION	Diagnosis-Deceased	-0.10645140496464753	0.9820484278120784	Medulloblastoma	stranded	1	FALSE	FALSE
HALLMARK_OXIDATIVE_PHOSPHORYLATION	Progressive-Deceased	-0.09128641416883504	0.990067711441142	Medulloblastoma	stranded	1	FALSE	FALSE
HALLMARK_OXIDATIVE_PHOSPHORYLATION	Second Malignancy-Deceased	0.41059572667706096	0.6315709331490382	Medulloblastoma	stranded	1	FALSE	FALSE
HALLMARK_OXIDATIVE_PHOSPHORYLATION	Progressive-Diagnosis	0.015164990795812489	0.9994338114354254	Medulloblastoma	stranded	1	FALSE	FALSE
HALLMARK_OXIDATIVE_PHOSPHORYLATION	Second Malignancy-Diagnosis	0.5170471316417085	0.08863596429795506	Medulloblastoma	stranded	1	FALSE	FALSE
HALLMARK_OXIDATIVE_PHOSPHORYLATION	Second Malignancy-Progressive	0.501882140845896	0.15187209605701757	Medulloblastoma	stranded	1	FALSE	FALSE
HALLMARK_P53_PATHWAY	Diagnosis-Deceased	-0.0011004595898071456	0.9999999557512993	Medulloblastoma	stranded	1	FALSE	FALSE
HALLMARK_P53_PATHWAY	Progressive-Deceased	0.0807411029782823	0.9856880726107549	Medulloblastoma	stranded	1	FALSE	FALSE
HALLMARK_P53_PATHWAY	Second Malignancy-Deceased	0.45517417803564547	0.3423470840477738	Medulloblastoma	stranded	1	FALSE	FALSE
HALLMARK_P53_PATHWAY	Progressive-Diagnosis	0.08184156256808944	0.8545834254512616	Medulloblastoma	stranded	1	FALSE	FALSE
HALLMARK_P53_PATHWAY	Second Malignancy-Diagnosis	0.4562746376254526	0.04529205261711389	Medulloblastoma	stranded	1	FALSE	FALSE
HALLMARK_P53_PATHWAY	Second Malignancy-Progressive	0.3744330750573632	0.18040307643161402	Medulloblastoma	stranded	1	FALSE	FALSE
HALLMARK_PANCREAS_BETA_CELLS	Diagnosis-Deceased	-0.288341761761238	0.3231885538548721	Medulloblastoma	stranded	1	FALSE	FALSE
HALLMARK_PANCREAS_BETA_CELLS	Progressive-Deceased	-0.23703540105793608	0.5319075150039849	Medulloblastoma	stranded	1	FALSE	FALSE
HALLMARK_PANCREAS_BETA_CELLS	Second Malignancy-Deceased	-0.542825073608486	0.050759635316410034	Medulloblastoma	stranded	1	FALSE	FALSE
HALLMARK_PANCREAS_BETA_CELLS	Progressive-Diagnosis	0.05130636070330189	0.9044427792077063	Medulloblastoma	stranded	1	FALSE	FALSE
HALLMARK_PANCREAS_BETA_CELLS	Second Malignancy-Diagnosis	-0.25448331184724804	0.17469828499338047	Medulloblastoma	stranded	1	FALSE	FALSE
HALLMARK_PANCREAS_BETA_CELLS	Second Malignancy-Progressive	-0.3057896725505499	0.11981835637129756	Medulloblastoma	stranded	1	FALSE	FALSE
HALLMARK_PEROXISOME	Diagnosis-Deceased	0.035540639287818365	0.9958743029144909	Medulloblastoma	stranded	1	FALSE	FALSE
HALLMARK_PEROXISOME	Progressive-Deceased	0.09072790728102817	0.9466918651571983	Medulloblastoma	stranded	1	FALSE	FALSE
HALLMARK_PEROXISOME	Second Malignancy-Deceased	0.1370648692301657	0.8851009524198847	Medulloblastoma	stranded	1	FALSE	FALSE
HALLMARK_PEROXISOME	Progressive-Diagnosis	0.055187267993209804	0.8710379647481551	Medulloblastoma	stranded	1	FALSE	FALSE
HALLMARK_PEROXISOME	Second Malignancy-Diagnosis	0.10152422994234733	0.812405734489994	Medulloblastoma	stranded	1	FALSE	FALSE
HALLMARK_PEROXISOME	Second Malignancy-Progressive	0.04633696194913753	0.9824244259751254	Medulloblastoma	stranded	1	FALSE	FALSE
HALLMARK_PI3K_AKT_MTOR_SIGNALING	Diagnosis-Deceased	-0.10502079925627217	0.9470362193172424	Medulloblastoma	stranded	1	FALSE	FALSE
HALLMARK_PI3K_AKT_MTOR_SIGNALING	Progressive-Deceased	0.0024990912994057868	0.9999993052076019	Medulloblastoma	stranded	1	FALSE	FALSE
HALLMARK_PI3K_AKT_MTOR_SIGNALING	Second Malignancy-Deceased	0.37454591388828656	0.38252404290100406	Medulloblastoma	stranded	1	FALSE	FALSE
HALLMARK_PI3K_AKT_MTOR_SIGNALING	Progressive-Diagnosis	0.10751989055567795	0.6236383230661567	Medulloblastoma	stranded	1	FALSE	FALSE
HALLMARK_PI3K_AKT_MTOR_SIGNALING	Second Malignancy-Diagnosis	0.47956671314455873	0.011445696790816307	Medulloblastoma	stranded	0.5722848395408153	FALSE	FALSE
HALLMARK_PI3K_AKT_MTOR_SIGNALING	Second Malignancy-Progressive	0.3720468225888808	0.0996755900412809	Medulloblastoma	stranded	1	FALSE	FALSE
HALLMARK_PROTEIN_SECRETION	Diagnosis-Deceased	0.17145436809982484	0.9307064355900744	Medulloblastoma	stranded	1	FALSE	FALSE
HALLMARK_PROTEIN_SECRETION	Progressive-Deceased	0.23243728844281003	0.8649307491134183	Medulloblastoma	stranded	1	FALSE	FALSE
HALLMARK_PROTEIN_SECRETION	Second Malignancy-Deceased	0.8680715593914499	0.077911066149985	Medulloblastoma	stranded	1	FALSE	FALSE
HALLMARK_PROTEIN_SECRETION	Progressive-Diagnosis	0.06098292034298519	0.9657650639885857	Medulloblastoma	stranded	1	FALSE	FALSE
HALLMARK_PROTEIN_SECRETION	Second Malignancy-Diagnosis	0.696617191291625	0.013239640568424194	Medulloblastoma	stranded	0.6619820284212097	FALSE	FALSE
HALLMARK_PROTEIN_SECRETION	Second Malignancy-Progressive	0.6356342709486398	0.04630369124784506	Medulloblastoma	stranded	1	FALSE	FALSE
HALLMARK_REACTIVE_OXYGEN_SPECIES_PATHWAY	Diagnosis-Deceased	-0.2530749276798421	0.36042810101189904	Medulloblastoma	stranded	1	FALSE	FALSE
HALLMARK_REACTIVE_OXYGEN_SPECIES_PATHWAY	Progressive-Deceased	-0.0964508338191119	0.9290542598105322	Medulloblastoma	stranded	1	FALSE	FALSE
HALLMARK_REACTIVE_OXYGEN_SPECIES_PATHWAY	Second Malignancy-Deceased	0.049082109975489424	0.9927628542990204	Medulloblastoma	stranded	1	FALSE	FALSE
HALLMARK_REACTIVE_OXYGEN_SPECIES_PATHWAY	Progressive-Diagnosis	0.15662409386073017	0.13829327444651163	Medulloblastoma	stranded	1	FALSE	FALSE
HALLMARK_REACTIVE_OXYGEN_SPECIES_PATHWAY	Second Malignancy-Diagnosis	0.30215703765533153	0.051620268583850604	Medulloblastoma	stranded	1	FALSE	FALSE
HALLMARK_REACTIVE_OXYGEN_SPECIES_PATHWAY	Second Malignancy-Progressive	0.14553294379460133	0.626876949780443	Medulloblastoma	stranded	1	FALSE	FALSE
HALLMARK_SPERMATOGENESIS	Diagnosis-Deceased	-0.10273891909646325	0.622989957668941	Medulloblastoma	stranded	1	FALSE	FALSE
HALLMARK_SPERMATOGENESIS	Progressive-Deceased	-0.13919637034023213	0.415805356082657	Medulloblastoma	stranded	1	FALSE	FALSE
HALLMARK_SPERMATOGENESIS	Second Malignancy-Deceased	-0.4595318060952347	7.439500274217803e-4	Medulloblastoma	stranded	0.037197501371089015	TRUE	FALSE
HALLMARK_SPERMATOGENESIS	Progressive-Diagnosis	-0.03645745124376888	0.7834176728319513	Medulloblastoma	stranded	1	FALSE	FALSE
HALLMARK_SPERMATOGENESIS	Second Malignancy-Diagnosis	-0.35679288699877143	3.4795654845654056e-5	Medulloblastoma	stranded	0.0017397827422827028	TRUE	TRUE
HALLMARK_SPERMATOGENESIS	Second Malignancy-Progressive	-0.32033543575500256	4.465744733089805e-4	Medulloblastoma	stranded	0.022328723665449024	TRUE	FALSE
HALLMARK_TGF_BETA_SIGNALING	Diagnosis-Deceased	0.13960242670631678	0.9029376551254263	Medulloblastoma	stranded	1	FALSE	FALSE
HALLMARK_TGF_BETA_SIGNALING	Progressive-Deceased	0.14580629068032896	0.904598983866894	Medulloblastoma	stranded	1	FALSE	FALSE
HALLMARK_TGF_BETA_SIGNALING	Second Malignancy-Deceased	0.5250418311964081	0.1671570890050189	Medulloblastoma	stranded	1	FALSE	FALSE
HALLMARK_TGF_BETA_SIGNALING	Progressive-Diagnosis	0.00620386397401218	0.9998934267389733	Medulloblastoma	stranded	1	FALSE	FALSE
HALLMARK_TGF_BETA_SIGNALING	Second Malignancy-Diagnosis	0.38543940449009134	0.07150222983691923	Medulloblastoma	stranded	1	FALSE	FALSE
HALLMARK_TGF_BETA_SIGNALING	Second Malignancy-Progressive	0.37923554051607916	0.12019520960555818	Medulloblastoma	stranded	1	FALSE	FALSE
HALLMARK_TNFA_SIGNALING_VIA_NFKB	Diagnosis-Deceased	-0.006940556777564111	0.9999860217619372	Medulloblastoma	stranded	1	FALSE	FALSE
HALLMARK_TNFA_SIGNALING_VIA_NFKB	Progressive-Deceased	0.026511801749462327	0.9993334008886314	Medulloblastoma	stranded	1	FALSE	FALSE
HALLMARK_TNFA_SIGNALING_VIA_NFKB	Second Malignancy-Deceased	0.32100814158726454	0.5714398727278276	Medulloblastoma	stranded	1	FALSE	FALSE
HALLMARK_TNFA_SIGNALING_VIA_NFKB	Progressive-Diagnosis	0.03345235852702644	0.9846137910881251	Medulloblastoma	stranded	1	FALSE	FALSE
HALLMARK_TNFA_SIGNALING_VIA_NFKB	Second Malignancy-Diagnosis	0.32794869836482865	0.15751693881609452	Medulloblastoma	stranded	1	FALSE	FALSE
HALLMARK_TNFA_SIGNALING_VIA_NFKB	Second Malignancy-Progressive	0.2944963398378022	0.3031442583650843	Medulloblastoma	stranded	1	FALSE	FALSE
HALLMARK_UNFOLDED_PROTEIN_RESPONSE	Diagnosis-Deceased	0.060296274661330126	0.9940117126948717	Medulloblastoma	stranded	1	FALSE	FALSE
HALLMARK_UNFOLDED_PROTEIN_RESPONSE	Progressive-Deceased	0.19074707289183648	0.868143768522258	Medulloblastoma	stranded	1	FALSE	FALSE
HALLMARK_UNFOLDED_PROTEIN_RESPONSE	Second Malignancy-Deceased	0.43224924013575783	0.4344187394489246	Medulloblastoma	stranded	1	FALSE	FALSE
HALLMARK_UNFOLDED_PROTEIN_RESPONSE	Progressive-Diagnosis	0.13045079823050637	0.6312506141344842	Medulloblastoma	stranded	1	FALSE	FALSE
HALLMARK_UNFOLDED_PROTEIN_RESPONSE	Second Malignancy-Diagnosis	0.3719529654744277	0.16186420695335813	Medulloblastoma	stranded	1	FALSE	FALSE
HALLMARK_UNFOLDED_PROTEIN_RESPONSE	Second Malignancy-Progressive	0.24150216724392135	0.5808659522205712	Medulloblastoma	stranded	1	FALSE	FALSE
HALLMARK_UV_RESPONSE_DN	Diagnosis-Deceased	0.06373018120645096	0.9919634360452247	Medulloblastoma	stranded	1	FALSE	FALSE
HALLMARK_UV_RESPONSE_DN	Progressive-Deceased	0.08976567613035702	0.9811765705089605	Medulloblastoma	stranded	1	FALSE	FALSE
HALLMARK_UV_RESPONSE_DN	Second Malignancy-Deceased	0.4314116816723459	0.3976630195341664	Medulloblastoma	stranded	1	FALSE	FALSE
HALLMARK_UV_RESPONSE_DN	Progressive-Diagnosis	0.026035494923906055	0.9942881312145115	Medulloblastoma	stranded	1	FALSE	FALSE
HALLMARK_UV_RESPONSE_DN	Second Malignancy-Diagnosis	0.36768150046589493	0.14174527299838258	Medulloblastoma	stranded	1	FALSE	FALSE
HALLMARK_UV_RESPONSE_DN	Second Malignancy-Progressive	0.3416460055419889	0.2548767890218614	Medulloblastoma	stranded	1	FALSE	FALSE
HALLMARK_UV_RESPONSE_UP	Diagnosis-Deceased	-0.12657215518455378	0.8647036109406513	Medulloblastoma	stranded	1	FALSE	FALSE
HALLMARK_UV_RESPONSE_UP	Progressive-Deceased	-0.03755837724748076	0.996190213622242	Medulloblastoma	stranded	1	FALSE	FALSE
HALLMARK_UV_RESPONSE_UP	Second Malignancy-Deceased	0.003003828592259561	0.9999986359268791	Medulloblastoma	stranded	1	FALSE	FALSE
HALLMARK_UV_RESPONSE_UP	Progressive-Diagnosis	0.08901377793707302	0.6399132084135652	Medulloblastoma	stranded	1	FALSE	FALSE
HALLMARK_UV_RESPONSE_UP	Second Malignancy-Diagnosis	0.12957598377681334	0.6964530970179892	Medulloblastoma	stranded	1	FALSE	FALSE
HALLMARK_UV_RESPONSE_UP	Second Malignancy-Progressive	0.04056220583974032	0.9891205733489812	Medulloblastoma	stranded	1	FALSE	FALSE
HALLMARK_WNT_BETA_CATENIN_SIGNALING	Diagnosis-Deceased	-0.07926763247798332	0.9529450789928018	Medulloblastoma	stranded	1	FALSE	FALSE
HALLMARK_WNT_BETA_CATENIN_SIGNALING	Progressive-Deceased	-0.006509128107627465	0.9999749013214152	Medulloblastoma	stranded	1	FALSE	FALSE
HALLMARK_WNT_BETA_CATENIN_SIGNALING	Second Malignancy-Deceased	-0.058525652213663126	0.9880159604061813	Medulloblastoma	stranded	1	FALSE	FALSE
HALLMARK_WNT_BETA_CATENIN_SIGNALING	Progressive-Diagnosis	0.07275850437035586	0.7257840664683313	Medulloblastoma	stranded	1	FALSE	FALSE
HALLMARK_WNT_BETA_CATENIN_SIGNALING	Second Malignancy-Diagnosis	0.020741980264320198	0.9975635427450953	Medulloblastoma	stranded	1	FALSE	FALSE
HALLMARK_WNT_BETA_CATENIN_SIGNALING	Second Malignancy-Progressive	-0.05201652410603566	0.972547116025774	Medulloblastoma	stranded	1	FALSE	FALSE
HALLMARK_XENOBIOTIC_METABOLISM	Diagnosis-Deceased	-0.022216217357905355	0.9993311904672176	Medulloblastoma	stranded	1	FALSE	FALSE
HALLMARK_XENOBIOTIC_METABOLISM	Progressive-Deceased	0.030681576094568674	0.9984908105054882	Medulloblastoma	stranded	1	FALSE	FALSE
HALLMARK_XENOBIOTIC_METABOLISM	Second Malignancy-Deceased	0.46530878165085066	0.16950048206828539	Medulloblastoma	stranded	1	FALSE	FALSE
HALLMARK_XENOBIOTIC_METABOLISM	Progressive-Diagnosis	0.05289779345247403	0.92029343021897	Medulloblastoma	stranded	1	FALSE	FALSE
HALLMARK_XENOBIOTIC_METABOLISM	Second Malignancy-Diagnosis	0.487524999008756	0.006189843444010634	Medulloblastoma	stranded	0.3094921722005317	TRUE	FALSE
HALLMARK_XENOBIOTIC_METABOLISM	Second Malignancy-Progressive	0.434627205556282	0.030052825195469812	Medulloblastoma	stranded	1	FALSE	FALSE
