mutation_id	sample_id	cluster_id	cellular_prevalence	cellular_prevalence_std	cluster_assignment_prob
PT_KTRJ8TFY:chr17:7676011:T:C:1:0	Deceased:BS_5968GBGT	0	0.9290	0.0576	1.0000
PT_KTRJ8TFY:chr17:7676011:T:C:1:0	Deceased:BS_AF5D41PD	0	0.3978	0.0329	1.0000
PT_KTRJ8TFY:chr17:7676011:T:C:1:0	Deceased:BS_EE73VE7V	0	0.2669	0.0374	1.0000
PT_KTRJ8TFY:chr17:7676011:T:C:1:0	Deceased:BS_HYKV2TH9	0	0.9514	0.0448	1.0000
PT_KTRJ8TFY:chr17:7676011:T:C:1:0	Diagnosis:BS_3VKW5988	0	0.9872	0.0166	1.0000
PT_KTRJ8TFY:chr17:7676011:T:C:1:0	Diagnosis:BS_402W79TS	0	0.9867	0.0162	1.0000
PT_KTRJ8TFY:chr17:7676011:T:C:1:0	Diagnosis:BS_BQ81D2BP	0	0.9956	0.0079	1.0000
PT_KTRJ8TFY:chr17:7676011:T:C:1:1	Deceased:BS_5968GBGT	0	0.9290	0.0576	1.0000
PT_KTRJ8TFY:chr17:7676011:T:C:1:1	Deceased:BS_AF5D41PD	0	0.3978	0.0329	1.0000
PT_KTRJ8TFY:chr17:7676011:T:C:1:1	Deceased:BS_EE73VE7V	0	0.2669	0.0374	1.0000
PT_KTRJ8TFY:chr17:7676011:T:C:1:1	Deceased:BS_HYKV2TH9	0	0.9514	0.0448	1.0000
PT_KTRJ8TFY:chr17:7676011:T:C:1:1	Diagnosis:BS_3VKW5988	0	0.9872	0.0166	1.0000
PT_KTRJ8TFY:chr17:7676011:T:C:1:1	Diagnosis:BS_402W79TS	0	0.9867	0.0162	1.0000
PT_KTRJ8TFY:chr17:7676011:T:C:1:1	Diagnosis:BS_BQ81D2BP	0	0.9956	0.0079	1.0000
PT_KTRJ8TFY:chr17:7676011:T:C:2:2	Deceased:BS_5968GBGT	0	0.9290	0.0576	1.0000
PT_KTRJ8TFY:chr17:7676011:T:C:2:2	Deceased:BS_AF5D41PD	0	0.3978	0.0329	1.0000
PT_KTRJ8TFY:chr17:7676011:T:C:2:2	Deceased:BS_EE73VE7V	0	0.2669	0.0374	1.0000
PT_KTRJ8TFY:chr17:7676011:T:C:2:2	Deceased:BS_HYKV2TH9	0	0.9514	0.0448	1.0000
PT_KTRJ8TFY:chr17:7676011:T:C:2:2	Diagnosis:BS_3VKW5988	0	0.9872	0.0166	1.0000
PT_KTRJ8TFY:chr17:7676011:T:C:2:2	Diagnosis:BS_402W79TS	0	0.9867	0.0162	1.0000
PT_KTRJ8TFY:chr17:7676011:T:C:2:2	Diagnosis:BS_BQ81D2BP	0	0.9956	0.0079	1.0000
PT_KTRJ8TFY:chr7:116110856:C:T:1:0	Deceased:BS_5968GBGT	0	0.9290	0.0576	1.0000
PT_KTRJ8TFY:chr7:116110856:C:T:1:0	Deceased:BS_AF5D41PD	0	0.3978	0.0329	1.0000
PT_KTRJ8TFY:chr7:116110856:C:T:1:0	Deceased:BS_EE73VE7V	0	0.2669	0.0374	1.0000
PT_KTRJ8TFY:chr7:116110856:C:T:1:0	Deceased:BS_HYKV2TH9	0	0.9514	0.0448	1.0000
PT_KTRJ8TFY:chr7:116110856:C:T:1:0	Diagnosis:BS_3VKW5988	0	0.9872	0.0166	1.0000
PT_KTRJ8TFY:chr7:116110856:C:T:1:0	Diagnosis:BS_402W79TS	0	0.9867	0.0162	1.0000
PT_KTRJ8TFY:chr7:116110856:C:T:1:0	Diagnosis:BS_BQ81D2BP	0	0.9956	0.0079	1.0000
PT_KTRJ8TFY:chr7:116110856:C:T:1:1	Deceased:BS_5968GBGT	0	0.9290	0.0576	1.0000
PT_KTRJ8TFY:chr7:116110856:C:T:1:1	Deceased:BS_AF5D41PD	0	0.3978	0.0329	1.0000
PT_KTRJ8TFY:chr7:116110856:C:T:1:1	Deceased:BS_EE73VE7V	0	0.2669	0.0374	1.0000
PT_KTRJ8TFY:chr7:116110856:C:T:1:1	Deceased:BS_HYKV2TH9	0	0.9514	0.0448	1.0000
PT_KTRJ8TFY:chr7:116110856:C:T:1:1	Diagnosis:BS_3VKW5988	0	0.9872	0.0166	1.0000
PT_KTRJ8TFY:chr7:116110856:C:T:1:1	Diagnosis:BS_402W79TS	0	0.9867	0.0162	1.0000
PT_KTRJ8TFY:chr7:116110856:C:T:1:1	Diagnosis:BS_BQ81D2BP	0	0.9956	0.0079	1.0000
PT_KTRJ8TFY:chr7:116110856:C:T:2:2	Deceased:BS_5968GBGT	0	0.9290	0.0576	1.0000
PT_KTRJ8TFY:chr7:116110856:C:T:2:2	Deceased:BS_AF5D41PD	0	0.3978	0.0329	1.0000
PT_KTRJ8TFY:chr7:116110856:C:T:2:2	Deceased:BS_EE73VE7V	0	0.2669	0.0374	1.0000
PT_KTRJ8TFY:chr7:116110856:C:T:2:2	Deceased:BS_HYKV2TH9	0	0.9514	0.0448	1.0000
PT_KTRJ8TFY:chr7:116110856:C:T:2:2	Diagnosis:BS_3VKW5988	0	0.9872	0.0166	1.0000
PT_KTRJ8TFY:chr7:116110856:C:T:2:2	Diagnosis:BS_402W79TS	0	0.9867	0.0162	1.0000
PT_KTRJ8TFY:chr7:116110856:C:T:2:2	Diagnosis:BS_BQ81D2BP	0	0.9956	0.0079	1.0000
PT_KTRJ8TFY:chr7:116110886:C:G:1:0	Deceased:BS_5968GBGT	0	0.9290	0.0576	1.0000
PT_KTRJ8TFY:chr7:116110886:C:G:1:0	Deceased:BS_AF5D41PD	0	0.3978	0.0329	1.0000
PT_KTRJ8TFY:chr7:116110886:C:G:1:0	Deceased:BS_EE73VE7V	0	0.2669	0.0374	1.0000
PT_KTRJ8TFY:chr7:116110886:C:G:1:0	Deceased:BS_HYKV2TH9	0	0.9514	0.0448	1.0000
PT_KTRJ8TFY:chr7:116110886:C:G:1:0	Diagnosis:BS_3VKW5988	0	0.9872	0.0166	1.0000
PT_KTRJ8TFY:chr7:116110886:C:G:1:0	Diagnosis:BS_402W79TS	0	0.9867	0.0162	1.0000
PT_KTRJ8TFY:chr7:116110886:C:G:1:0	Diagnosis:BS_BQ81D2BP	0	0.9956	0.0079	1.0000
PT_KTRJ8TFY:chr7:116110886:C:G:1:1	Deceased:BS_5968GBGT	0	0.9290	0.0576	1.0000
PT_KTRJ8TFY:chr7:116110886:C:G:1:1	Deceased:BS_AF5D41PD	0	0.3978	0.0329	1.0000
PT_KTRJ8TFY:chr7:116110886:C:G:1:1	Deceased:BS_EE73VE7V	0	0.2669	0.0374	1.0000
PT_KTRJ8TFY:chr7:116110886:C:G:1:1	Deceased:BS_HYKV2TH9	0	0.9514	0.0448	1.0000
PT_KTRJ8TFY:chr7:116110886:C:G:1:1	Diagnosis:BS_3VKW5988	0	0.9872	0.0166	1.0000
PT_KTRJ8TFY:chr7:116110886:C:G:1:1	Diagnosis:BS_402W79TS	0	0.9867	0.0162	1.0000
PT_KTRJ8TFY:chr7:116110886:C:G:1:1	Diagnosis:BS_BQ81D2BP	0	0.9956	0.0079	1.0000
PT_KTRJ8TFY:chr7:116110886:C:G:2:2	Deceased:BS_5968GBGT	0	0.9290	0.0576	1.0000
PT_KTRJ8TFY:chr7:116110886:C:G:2:2	Deceased:BS_AF5D41PD	0	0.3978	0.0329	1.0000
PT_KTRJ8TFY:chr7:116110886:C:G:2:2	Deceased:BS_EE73VE7V	0	0.2669	0.0374	1.0000
PT_KTRJ8TFY:chr7:116110886:C:G:2:2	Deceased:BS_HYKV2TH9	0	0.9514	0.0448	1.0000
PT_KTRJ8TFY:chr7:116110886:C:G:2:2	Diagnosis:BS_3VKW5988	0	0.9872	0.0166	1.0000
PT_KTRJ8TFY:chr7:116110886:C:G:2:2	Diagnosis:BS_402W79TS	0	0.9867	0.0162	1.0000
PT_KTRJ8TFY:chr7:116110886:C:G:2:2	Diagnosis:BS_BQ81D2BP	0	0.9956	0.0079	1.0000
