hallmark_name	comparison	pathway_score_difference	tukey_p_value	bonferroni_pvalue	significant_tukey	significant_tukey_bonf
HALLMARK_ADIPOGENESIS	Progressive-Diagnosis	-0.308244363567689	0.021123135017098726	1	FALSE	FALSE
HALLMARK_ADIPOGENESIS	Recurrence-Diagnosis	0.07471962147986166	0.8930544032293586	1	FALSE	FALSE
HALLMARK_ADIPOGENESIS	Second Malignancy-Diagnosis	-0.020090875619384774	0.9998037727355762	1	FALSE	FALSE
HALLMARK_ADIPOGENESIS	Recurrence-Progressive	0.38296398504755064	0.021545851348806377	1	FALSE	FALSE
HALLMARK_ADIPOGENESIS	Second Malignancy-Progressive	0.2881534879483042	0.6775240106457857	1	FALSE	FALSE
HALLMARK_ADIPOGENESIS	Second Malignancy-Recurrence	-0.09481049709924644	0.9828176762160028	1	FALSE	FALSE
HALLMARK_ALLOGRAFT_REJECTION	Progressive-Diagnosis	-0.05979003029712254	0.5843916649136005	1	FALSE	FALSE
HALLMARK_ALLOGRAFT_REJECTION	Recurrence-Diagnosis	0.02815195389242864	0.9397704241363949	1	FALSE	FALSE
HALLMARK_ALLOGRAFT_REJECTION	Second Malignancy-Diagnosis	0.1083809173730566	0.784348359153195	1	FALSE	FALSE
HALLMARK_ALLOGRAFT_REJECTION	Recurrence-Progressive	0.08794198418955118	0.4452568605713697	1	FALSE	FALSE
HALLMARK_ALLOGRAFT_REJECTION	Second Malignancy-Progressive	0.16817094767017915	0.5048855162048287	1	FALSE	FALSE
HALLMARK_ALLOGRAFT_REJECTION	Second Malignancy-Recurrence	0.08022896348062797	0.9093434107145105	1	FALSE	FALSE
HALLMARK_ANDROGEN_RESPONSE	Progressive-Diagnosis	-0.2381957173895492	0.06449439299644522	1	FALSE	FALSE
HALLMARK_ANDROGEN_RESPONSE	Recurrence-Diagnosis	0.0733405778563408	0.8719971373921636	1	FALSE	FALSE
HALLMARK_ANDROGEN_RESPONSE	Second Malignancy-Diagnosis	-0.17237561259604373	0.8712788583843286	1	FALSE	FALSE
HALLMARK_ANDROGEN_RESPONSE	Recurrence-Progressive	0.31153629524589	0.048313000013961216	1	FALSE	FALSE
HALLMARK_ANDROGEN_RESPONSE	Second Malignancy-Progressive	0.06582010479350547	0.9921567047962774	1	FALSE	FALSE
HALLMARK_ANDROGEN_RESPONSE	Second Malignancy-Recurrence	-0.24571619045238452	0.7282498744926021	1	FALSE	FALSE
HALLMARK_ANGIOGENESIS	Progressive-Diagnosis	-0.0952679154798633	0.7734521911827967	1	FALSE	FALSE
HALLMARK_ANGIOGENESIS	Recurrence-Diagnosis	0.08849403345724938	0.8312163665450742	1	FALSE	FALSE
HALLMARK_ANGIOGENESIS	Second Malignancy-Diagnosis	0.09545245687813608	0.9795273464262833	1	FALSE	FALSE
HALLMARK_ANGIOGENESIS	Recurrence-Progressive	0.18376194893711267	0.45793038388302	1	FALSE	FALSE
HALLMARK_ANGIOGENESIS	Second Malignancy-Progressive	0.19072037235799938	0.8752220167591693	1	FALSE	FALSE
HALLMARK_ANGIOGENESIS	Second Malignancy-Recurrence	0.006958423420886706	0.9999925986848233	1	FALSE	FALSE
HALLMARK_APICAL_JUNCTION	Progressive-Diagnosis	-0.12334592107338482	0.19643651366144044	1	FALSE	FALSE
HALLMARK_APICAL_JUNCTION	Recurrence-Diagnosis	0.010464722968112794	0.9983901371711166	1	FALSE	FALSE
HALLMARK_APICAL_JUNCTION	Second Malignancy-Diagnosis	-0.10268149219403717	0.901222474859448	1	FALSE	FALSE
HALLMARK_APICAL_JUNCTION	Recurrence-Progressive	0.13381064404149762	0.3049198039030917	1	FALSE	FALSE
HALLMARK_APICAL_JUNCTION	Second Malignancy-Progressive	0.02066442887934765	0.9991331722707786	1	FALSE	FALSE
HALLMARK_APICAL_JUNCTION	Second Malignancy-Recurrence	-0.11314621516214997	0.8863772798442306	1	FALSE	FALSE
HALLMARK_APICAL_SURFACE	Progressive-Diagnosis	-0.11482421027517709	0.27679357728300413	1	FALSE	FALSE
HALLMARK_APICAL_SURFACE	Recurrence-Diagnosis	0.053548107638610676	0.8476793250933193	1	FALSE	FALSE
HALLMARK_APICAL_SURFACE	Second Malignancy-Diagnosis	-0.2795390911761862	0.28654138044752	1	FALSE	FALSE
HALLMARK_APICAL_SURFACE	Recurrence-Progressive	0.16837231791378776	0.15667949327727648	1	FALSE	FALSE
HALLMARK_APICAL_SURFACE	Second Malignancy-Progressive	-0.1647148809010091	0.7335113470696892	1	FALSE	FALSE
HALLMARK_APICAL_SURFACE	Second Malignancy-Recurrence	-0.33308719881479687	0.18548075615662263	1	FALSE	FALSE
HALLMARK_APOPTOSIS	Progressive-Diagnosis	-0.20014019368149127	0.05284055379719366	1	FALSE	FALSE
HALLMARK_APOPTOSIS	Recurrence-Diagnosis	0.0667102357111975	0.82988362996962906	1	FALSE	FALSE
HALLMARK_APOPTOSIS	Second Malignancy-Diagnosis	0.08611457012894866	0.9655090569833757	1	FALSE	FALSE
HALLMARK_APOPTOSIS	Recurrence-Progressive	0.26685042939268877	0.03423367258364296	1	FALSE	FALSE
HALLMARK_APOPTOSIS	Second Malignancy-Progressive	0.2862547638104399	0.44795366714769624	1	FALSE	FALSE
HALLMARK_APOPTOSIS	Second Malignancy-Recurrence	0.019404334417751162	0.9996231852980295	1	FALSE	FALSE
HALLMARK_BILE_ACID_METABOLISM	Progressive-Diagnosis	-0.22192835338292777	0.010838605104403487	0.5419302552201744	FALSE	FALSE
HALLMARK_BILE_ACID_METABOLISM	Recurrence-Diagnosis	0.0892203390191319	0.5839846882514834	1	FALSE	FALSE
HALLMARK_BILE_ACID_METABOLISM	Second Malignancy-Diagnosis	-0.029656444328826553	0.9978541271730852	1	FALSE	FALSE
HALLMARK_BILE_ACID_METABOLISM	Recurrence-Progressive	0.31114869240205967	0.0035846841803540697	0.17923420901770348	TRUE	FALSE
HALLMARK_BILE_ACID_METABOLISM	Second Malignancy-Progressive	0.19227190905410121	0.6728132422554516	1	FALSE	FALSE
HALLMARK_BILE_ACID_METABOLISM	Second Malignancy-Recurrence	-0.11887678334795845	0.8985269766565172	1	FALSE	FALSE
HALLMARK_CHOLESTEROL_HOMEOSTASIS	Progressive-Diagnosis	-0.29728575708206734	0.009970483536456243	0.49852417682281214	TRUE	FALSE
HALLMARK_CHOLESTEROL_HOMEOSTASIS	Recurrence-Diagnosis	0.053948654335757684	0.9368632465955855	1	FALSE	FALSE
HALLMARK_CHOLESTEROL_HOMEOSTASIS	Second Malignancy-Diagnosis	-0.2533672680105671	0.6526124425818571	1	FALSE	FALSE
HALLMARK_CHOLESTEROL_HOMEOSTASIS	Recurrence-Progressive	0.351234411417825	0.015513589700028474	0.7756794850014237	FALSE	FALSE
HALLMARK_CHOLESTEROL_HOMEOSTASIS	Second Malignancy-Progressive	0.04391848907150023	0.9973235685645252	1	FALSE	FALSE
HALLMARK_CHOLESTEROL_HOMEOSTASIS	Second Malignancy-Recurrence	-0.30731592234632477	0.5368900498014824	1	FALSE	FALSE
HALLMARK_COAGULATION	Progressive-Diagnosis	-0.1383005642138818	0.09447088458214636	1	FALSE	FALSE
HALLMARK_COAGULATION	Recurrence-Diagnosis	0.014286976420663983	0.9952101647685789	1	FALSE	FALSE
HALLMARK_COAGULATION	Second Malignancy-Diagnosis	-0.049083134653936863	0.9853305306035653	1	FALSE	FALSE
HALLMARK_COAGULATION	Recurrence-Progressive	0.15258754063454577	0.16285859687445225	1	FALSE	FALSE
HALLMARK_COAGULATION	Second Malignancy-Progressive	0.08921742955994492	0.9283453557169037	1	FALSE	FALSE
HALLMARK_COAGULATION	Second Malignancy-Recurrence	-0.06337011107460085	0.9729939614307719	1	FALSE	FALSE
HALLMARK_COMPLEMENT	Progressive-Diagnosis	-0.14652107012420648	0.12480455130371515	1	FALSE	FALSE
HALLMARK_COMPLEMENT	Recurrence-Diagnosis	0.03690449529675113	0.9471420873575432	1	FALSE	FALSE
HALLMARK_COMPLEMENT	Second Malignancy-Diagnosis	-0.012532567873231856	0.9998195792516587	1	FALSE	FALSE
HALLMARK_COMPLEMENT	Recurrence-Progressive	0.18342556542095761	0.12204125782345754	1	FALSE	FALSE
HALLMARK_COMPLEMENT	Second Malignancy-Progressive	0.13398850225097464	0.8470594681967498	1	FALSE	FALSE
HALLMARK_COMPLEMENT	Second Malignancy-Recurrence	-0.04943706316998299	0.9906022178884806	1	FALSE	FALSE
HALLMARK_DNA_REPAIR	Progressive-Diagnosis	-0.2506795509567129	0.0968317032370083	1	FALSE	FALSE
HALLMARK_DNA_REPAIR	Recurrence-Diagnosis	0.004079402540177496	0.9999811344983842	1	FALSE	FALSE
HALLMARK_DNA_REPAIR	Second Malignancy-Diagnosis	-0.1255654135643485	0.9612332037984691	1	FALSE	FALSE
HALLMARK_DNA_REPAIR	Recurrence-Progressive	0.2547589534968904	0.224396095165462	1	FALSE	FALSE
HALLMARK_DNA_REPAIR	Second Malignancy-Progressive	0.12511413739236438	0.9652900045679162	1	FALSE	FALSE
HALLMARK_DNA_REPAIR	Second Malignancy-Recurrence	-0.129644816104526	0.9624706249920515	1	FALSE	FALSE
HALLMARK_E2F_TARGETS	Progressive-Diagnosis	-0.13129623318334904	0.3114365473173427	1	FALSE	FALSE
HALLMARK_E2F_TARGETS	Recurrence-Diagnosis	-0.05188583720405404	0.9108302766867395	1	FALSE	FALSE
HALLMARK_E2F_TARGETS	Second Malignancy-Diagnosis	-0.06122779717004012	0.98707068695383815	1	FALSE	FALSE
HALLMARK_E2F_TARGETS	Recurrence-Progressive	0.079410395979295	0.8284988287989418	1	FALSE	FALSE
HALLMARK_E2F_TARGETS	Second Malignancy-Progressive	0.07006843601330892	0.9827568526144986	1	FALSE	FALSE
HALLMARK_E2F_TARGETS	Second Malignancy-Recurrence	-0.00934195996598608	0.9999578807172524	1	FALSE	FALSE
HALLMARK_EPITHELIAL_MESENCHYMAL_TRANSITION	Progressive-Diagnosis	-0.22195963389265175	0.1467982824910028	1	FALSE	FALSE
HALLMARK_EPITHELIAL_MESENCHYMAL_TRANSITION	Recurrence-Diagnosis	0.0891917893393161	0.835903695556688	1	FALSE	FALSE
HALLMARK_EPITHELIAL_MESENCHYMAL_TRANSITION	Second Malignancy-Diagnosis	-0.09632570828024506	0.9801183856596836	1	FALSE	FALSE
HALLMARK_EPITHELIAL_MESENCHYMAL_TRANSITION	Recurrence-Progressive	0.31115142323196787	0.08439758801280006	1	FALSE	FALSE
HALLMARK_EPITHELIAL_MESENCHYMAL_TRANSITION	Second Malignancy-Progressive	0.1256339256124067	0.9617174114851635	1	FALSE	FALSE
HALLMARK_EPITHELIAL_MESENCHYMAL_TRANSITION	Second Malignancy-Recurrence	-0.18551749761956116	0.8917265982467611	1	FALSE	FALSE
HALLMARK_ESTROGEN_RESPONSE_EARLY	Progressive-Diagnosis	-0.1171475231408226	0.26959223891868445	1	FALSE	FALSE
HALLMARK_ESTROGEN_RESPONSE_EARLY	Recurrence-Diagnosis	0.09609871046837451	0.4821520352468146	1	FALSE	FALSE
HALLMARK_ESTROGEN_RESPONSE_EARLY	Second Malignancy-Diagnosis	-0.25303932738935897	0.38127170389406795	1	FALSE	FALSE
HALLMARK_ESTROGEN_RESPONSE_EARLY	Recurrence-Progressive	0.2132462336091971	0.05042036115938653	1	FALSE	FALSE
HALLMARK_ESTROGEN_RESPONSE_EARLY	Second Malignancy-Progressive	-0.13589180424853642	0.8350471377641955	1	FALSE	FALSE
HALLMARK_ESTROGEN_RESPONSE_EARLY	Second Malignancy-Recurrence	-0.3491380378577335	0.16138297434623128	1	FALSE	FALSE
HALLMARK_ESTROGEN_RESPONSE_LATE	Progressive-Diagnosis	-0.13174999825251613	0.11977310001530406	1	FALSE	FALSE
HALLMARK_ESTROGEN_RESPONSE_LATE	Recurrence-Diagnosis	0.08569700156898442	0.49548398835934193	1	FALSE	FALSE
HALLMARK_ESTROGEN_RESPONSE_LATE	Second Malignancy-Diagnosis	-0.218849603765792	0.4216703487780843	1	FALSE	FALSE
HALLMARK_ESTROGEN_RESPONSE_LATE	Recurrence-Progressive	0.21744699982150056	0.022660074189460366	1	FALSE	FALSE
HALLMARK_ESTROGEN_RESPONSE_LATE	Second Malignancy-Progressive	-0.08709960551327588	0.9330629429924695	1	FALSE	FALSE
HALLMARK_ESTROGEN_RESPONSE_LATE	Second Malignancy-Recurrence	-0.3045466053347764	0.1867231413973628	1	FALSE	FALSE
HALLMARK_FATTY_ACID_METABOLISM	Progressive-Diagnosis	-0.26798889692371886	0.03862705180916948	1	FALSE	FALSE
HALLMARK_FATTY_ACID_METABOLISM	Recurrence-Diagnosis	0.11591599628798982	0.6556303137555354	1	FALSE	FALSE
HALLMARK_FATTY_ACID_METABOLISM	Second Malignancy-Diagnosis	0.08978194002847811	0.9805366356911149	1	FALSE	FALSE
HALLMARK_FATTY_ACID_METABOLISM	Recurrence-Progressive	0.38390489321170873	0.01381597384733102	0.690798692366551	FALSE	FALSE
HALLMARK_FATTY_ACID_METABOLISM	Second Malignancy-Progressive	0.357770836952197	0.4645203427921759	1	FALSE	FALSE
HALLMARK_FATTY_ACID_METABOLISM	Second Malignancy-Recurrence	-0.026134056259511707	0.9995549322935543	1	FALSE	FALSE
HALLMARK_G2M_CHECKPOINT	Progressive-Diagnosis	-0.10994129416797738	0.3513481345779115	1	FALSE	FALSE
HALLMARK_G2M_CHECKPOINT	Recurrence-Diagnosis	-0.04338901225325542	0.9215635142007286	1	FALSE	FALSE
HALLMARK_G2M_CHECKPOINT	Second Malignancy-Diagnosis	-0.046193384979448915	0.9916809364219814	1	FALSE	FALSE
HALLMARK_G2M_CHECKPOINT	Recurrence-Progressive	0.06655228191472196	0.8468554374300544	1	FALSE	FALSE
HALLMARK_G2M_CHECKPOINT	Second Malignancy-Progressive	0.06374790918852846	0.9808483029767325	1	FALSE	FALSE
HALLMARK_G2M_CHECKPOINT	Second Malignancy-Recurrence	-0.0028043727261934936	0.9999983111750343	1	FALSE	FALSE
HALLMARK_GLYCOLYSIS	Progressive-Diagnosis	-0.20382356302069254	0.08050712727049758	1	FALSE	FALSE
HALLMARK_GLYCOLYSIS	Recurrence-Diagnosis	0.03547164275933168	0.9759891676936647	1	FALSE	FALSE
HALLMARK_GLYCOLYSIS	Second Malignancy-Diagnosis	-0.04621828876096207	0.9956821888750698	1	FALSE	FALSE
HALLMARK_GLYCOLYSIS	Recurrence-Progressive	0.23929520578002422	0.10839093015990531	1	FALSE	FALSE
HALLMARK_GLYCOLYSIS	Second Malignancy-Progressive	0.15760527425973048	0.8744722625529813	1	FALSE	FALSE
HALLMARK_GLYCOLYSIS	Second Malignancy-Recurrence	-0.08168993152029375	0.9798867931429116	1	FALSE	FALSE
HALLMARK_HEDGEHOG_SIGNALING	Progressive-Diagnosis	-0.14023501163338514	0.3076687231031343	1	FALSE	FALSE
HALLMARK_HEDGEHOG_SIGNALING	Recurrence-Diagnosis	0.04004321108389819	0.9630147690541457	1	FALSE	FALSE
HALLMARK_HEDGEHOG_SIGNALING	Second Malignancy-Diagnosis	-0.23016559562327665	0.6458072504184333	1	FALSE	FALSE
HALLMARK_HEDGEHOG_SIGNALING	Recurrence-Progressive	0.18027822271728333	0.28143648842449864	1	FALSE	FALSE
HALLMARK_HEDGEHOG_SIGNALING	Second Malignancy-Progressive	-0.08993058398989151	0.9704181511309942	1	FALSE	FALSE
HALLMARK_HEDGEHOG_SIGNALING	Second Malignancy-Recurrence	-0.27020880670717484	0.5558822378875208	1	FALSE	FALSE
HALLMARK_HEME_METABOLISM	Progressive-Diagnosis	-0.1489698338240196	0.22476967592770491	1	FALSE	FALSE
HALLMARK_HEME_METABOLISM	Recurrence-Diagnosis	0.05727813613578139	0.889895957583472	1	FALSE	FALSE
HALLMARK_HEME_METABOLISM	Second Malignancy-Diagnosis	-0.07499328754430151	0.9779847715143497	1	FALSE	FALSE
HALLMARK_HEME_METABOLISM	Recurrence-Progressive	0.206247969959801	0.1513407215884891	1	FALSE	FALSE
HALLMARK_HEME_METABOLISM	Second Malignancy-Progressive	0.07397654627971809	0.9808955318573113	1	FALSE	FALSE
HALLMARK_HEME_METABOLISM	Second Malignancy-Recurrence	-0.1322714236800829	0.9056821569429749	1	FALSE	FALSE
HALLMARK_HYPOXIA	Progressive-Diagnosis	-0.1740977022161356	0.17046316160439812	1	FALSE	FALSE
HALLMARK_HYPOXIA	Recurrence-Diagnosis	0.07233997620326932	0.8372904543481747	1	FALSE	FALSE
HALLMARK_HYPOXIA	Second Malignancy-Diagnosis	-0.09458105266210666	0.9660221002374247	1	FALSE	FALSE
HALLMARK_HYPOXIA	Recurrence-Progressive	0.24643767841940492	0.09690668261384672	1	FALSE	FALSE
HALLMARK_HYPOXIA	Second Malignancy-Progressive	0.07951664955402894	0.9813089803743713	1	FALSE	FALSE
HALLMARK_HYPOXIA	Second Malignancy-Recurrence	-0.16692102886537596	0.8598730332085772	1	FALSE	FALSE
HALLMARK_IL2_STAT5_SIGNALING	Progressive-Diagnosis	-0.16151339790601157	0.24186273352483834	1	FALSE	FALSE
HALLMARK_IL2_STAT5_SIGNALING	Recurrence-Diagnosis	0.06584420505763341	0.87903693464243	1	FALSE	FALSE
HALLMARK_IL2_STAT5_SIGNALING	Second Malignancy-Diagnosis	-0.009711771860065083	0.9999625857000645	1	FALSE	FALSE
HALLMARK_IL2_STAT5_SIGNALING	Recurrence-Progressive	0.227357602963645	0.15487965177757534	1	FALSE	FALSE
HALLMARK_IL2_STAT5_SIGNALING	Second Malignancy-Progressive	0.1518016260459465	0.8945137081233803	1	FALSE	FALSE
HALLMARK_IL2_STAT5_SIGNALING	Second Malignancy-Recurrence	-0.0755559769176985	0.9852670614848447	1	FALSE	FALSE
HALLMARK_IL6_JAK_STAT3_SIGNALING	Progressive-Diagnosis	-0.12977112395071672	0.5051856542807369	1	FALSE	FALSE
HALLMARK_IL6_JAK_STAT3_SIGNALING	Recurrence-Diagnosis	0.08228382622267594	0.8310480952175726	1	FALSE	FALSE
HALLMARK_IL6_JAK_STAT3_SIGNALING	Second Malignancy-Diagnosis	0.17390206989671625	0.8698447032707801	1	FALSE	FALSE
HALLMARK_IL6_JAK_STAT3_SIGNALING	Recurrence-Progressive	0.21205495017339265	0.27192154136580515	1	FALSE	FALSE
HALLMARK_IL6_JAK_STAT3_SIGNALING	Second Malignancy-Progressive	0.30367319384743297	0.5768576977640083	1	FALSE	FALSE
HALLMARK_IL6_JAK_STAT3_SIGNALING	Second Malignancy-Recurrence	0.09161824367404031	0.9801848355096985	1	FALSE	FALSE
HALLMARK_INFLAMMATORY_RESPONSE	Progressive-Diagnosis	-0.13863044658627016	0.3999272403307167	1	FALSE	FALSE
HALLMARK_INFLAMMATORY_RESPONSE	Recurrence-Diagnosis	0.07379951478578756	0.8520446597114824	1	FALSE	FALSE
HALLMARK_INFLAMMATORY_RESPONSE	Second Malignancy-Diagnosis	0.09316505361423755	0.972398346806238	1	FALSE	FALSE
HALLMARK_INFLAMMATORY_RESPONSE	Recurrence-Progressive	0.21242996137205772	0.226856067290648	1	FALSE	FALSE
HALLMARK_INFLAMMATORY_RESPONSE	Second Malignancy-Progressive	0.2317955002005077	0.7279636348678753	1	FALSE	FALSE
HALLMARK_INFLAMMATORY_RESPONSE	Second Malignancy-Recurrence	0.01936553882844999	0.9997660153387762	1	FALSE	FALSE
HALLMARK_INTERFERON_ALPHA_RESPONSE	Progressive-Diagnosis	-0.12094088230825017	0.4031541106364237	1	FALSE	FALSE
HALLMARK_INTERFERON_ALPHA_RESPONSE	Recurrence-Diagnosis	0.061966871514541444	0.8669232314925519	1	FALSE	FALSE
HALLMARK_INTERFERON_ALPHA_RESPONSE	Second Malignancy-Diagnosis	0.12088907325048859	0.9177874912907248	1	FALSE	FALSE
HALLMARK_INTERFERON_ALPHA_RESPONSE	Recurrence-Progressive	0.18290775382279162	0.23978695069001377	1	FALSE	FALSE
HALLMARK_INTERFERON_ALPHA_RESPONSE	Second Malignancy-Progressive	0.24182995555873876	0.6076699684911417	1	FALSE	FALSE
HALLMARK_INTERFERON_ALPHA_RESPONSE	Second Malignancy-Recurrence	0.058922201735947144	0.9905054783679015	1	FALSE	FALSE
HALLMARK_INTERFERON_GAMMA_RESPONSE	Progressive-Diagnosis	-0.11809115445191179	0.3071785331668434	1	FALSE	FALSE
HALLMARK_INTERFERON_GAMMA_RESPONSE	Recurrence-Diagnosis	0.05262166561410493	0.8762925647627112	1	FALSE	FALSE
HALLMARK_INTERFERON_GAMMA_RESPONSE	Second Malignancy-Diagnosis	0.16017705143905	0.7658205116027733	1	FALSE	FALSE
HALLMARK_INTERFERON_GAMMA_RESPONSE	Recurrence-Progressive	0.17071282006601673	0.1908260958797816	1	FALSE	FALSE
HALLMARK_INTERFERON_GAMMA_RESPONSE	Second Malignancy-Progressive	0.2782682058909618	0.37606384718220043	1	FALSE	FALSE
HALLMARK_INTERFERON_GAMMA_RESPONSE	Second Malignancy-Recurrence	0.10755538582494507	0.923219869172583	1	FALSE	FALSE
HALLMARK_KRAS_SIGNALING_DN	Progressive-Diagnosis	6.190558745539643e-4	0.9999988760084213	1	FALSE	FALSE
HALLMARK_KRAS_SIGNALING_DN	Recurrence-Diagnosis	0.009247672007049651	0.9968229455950561	1	FALSE	FALSE
HALLMARK_KRAS_SIGNALING_DN	Second Malignancy-Diagnosis	-0.3731534791168151	0.006147676482332831	0.30738382411664156	TRUE	FALSE
HALLMARK_KRAS_SIGNALING_DN	Recurrence-Progressive	0.008628616132495687	0.9984421320440697	1	FALSE	FALSE
HALLMARK_KRAS_SIGNALING_DN	Second Malignancy-Progressive	-0.3737725349913691	0.008396773743291175	0.41983868716455874	TRUE	FALSE
HALLMARK_KRAS_SIGNALING_DN	Second Malignancy-Recurrence	-0.38240115112386475	0.007334420547988496	0.3667210273994248	TRUE	FALSE
HALLMARK_KRAS_SIGNALING_UP	Progressive-Diagnosis	-0.13725931422486706	0.16264602383045368	1	FALSE	FALSE
HALLMARK_KRAS_SIGNALING_UP	Recurrence-Diagnosis	0.06517330095950163	0.7695047117332832	1	FALSE	FALSE
HALLMARK_KRAS_SIGNALING_UP	Second Malignancy-Diagnosis	-0.11879652281224692	0.8756865526848652	1	FALSE	FALSE
HALLMARK_KRAS_SIGNALING_UP	Recurrence-Progressive	0.2024326151843687	0.0735884825969213	1	FALSE	FALSE
HALLMARK_KRAS_SIGNALING_UP	Second Malignancy-Progressive	0.01846279141262014	0.9994784787660189	1	FALSE	FALSE
HALLMARK_KRAS_SIGNALING_UP	Second Malignancy-Recurrence	-0.18396982377174856	0.6841372663776399	1	FALSE	FALSE
HALLMARK_MITOTIC_SPINDLE	Progressive-Diagnosis	-0.14995672734254234	0.1437132078113934	1	FALSE	FALSE
HALLMARK_MITOTIC_SPINDLE	Recurrence-Diagnosis	-0.03394153988516024	0.9641728582114233	1	FALSE	FALSE
HALLMARK_MITOTIC_SPINDLE	Second Malignancy-Diagnosis	-0.01567706482288478	0.9997013218698497	1	FALSE	FALSE
HALLMARK_MITOTIC_SPINDLE	Recurrence-Progressive	0.1160151874573821	0.527890285996169	1	FALSE	FALSE
HALLMARK_MITOTIC_SPINDLE	Second Malignancy-Progressive	0.13427966251965756	0.8663000228554097	1	FALSE	FALSE
HALLMARK_MITOTIC_SPINDLE	Second Malignancy-Recurrence	0.018264475062275465	0.9995858388107999	1	FALSE	FALSE
HALLMARK_MTORC1_SIGNALING	Progressive-Diagnosis	-0.26515296919494574	0.13496865313100537	1	FALSE	FALSE
HALLMARK_MTORC1_SIGNALING	Recurrence-Diagnosis	0.07095476160614558	0.940515545409478	1	FALSE	FALSE
HALLMARK_MTORC1_SIGNALING	Second Malignancy-Diagnosis	0.1388836889155729	0.9640423486095067	1	FALSE	FALSE
HALLMARK_MTORC1_SIGNALING	Recurrence-Progressive	0.33610773080109135	0.12494920099196949	1	FALSE	FALSE
HALLMARK_MTORC1_SIGNALING	Second Malignancy-Progressive	0.40403665811051864	0.5486322034312014	1	FALSE	FALSE
HALLMARK_MTORC1_SIGNALING	Second Malignancy-Recurrence	0.06792892730942732	0.9960359736648692	1	FALSE	FALSE
HALLMARK_MYC_TARGETS_V1	Progressive-Diagnosis	-0.19687171761803673	0.14443612437443798	1	FALSE	FALSE
HALLMARK_MYC_TARGETS_V1	Recurrence-Diagnosis	-0.006940779552320919	0.9998525778261129	1	FALSE	FALSE
HALLMARK_MYC_TARGETS_V1	Second Malignancy-Diagnosis	-0.10099139281677577	0.9675815105876928	1	FALSE	FALSE
HALLMARK_MYC_TARGETS_V1	Recurrence-Progressive	0.18993093806571582	0.33808101802334367	1	FALSE	FALSE
HALLMARK_MYC_TARGETS_V1	Second Malignancy-Progressive	0.09588032480126096	0.9747326250374226	1	FALSE	FALSE
HALLMARK_MYC_TARGETS_V1	Second Malignancy-Recurrence	-0.09405061326445485	0.976621434546771	1	FALSE	FALSE
HALLMARK_MYC_TARGETS_V2	Progressive-Diagnosis	-0.14306751912521176	0.6458353710990797	1	FALSE	FALSE
HALLMARK_MYC_TARGETS_V2	Recurrence-Diagnosis	-0.06626749156625356	0.954033089346165	1	FALSE	FALSE
HALLMARK_MYC_TARGETS_V2	Second Malignancy-Diagnosis	-0.16062820015836876	0.949614435416108	1	FALSE	FALSE
HALLMARK_MYC_TARGETS_V2	Recurrence-Progressive	0.0768000275589582	0.9568863969967824	1	FALSE	FALSE
HALLMARK_MYC_TARGETS_V2	Second Malignancy-Progressive	-0.017560681033157	0.9999336743872029	1	FALSE	FALSE
HALLMARK_MYC_TARGETS_V2	Second Malignancy-Recurrence	-0.0943607085921152	0.9903021279976514	1	FALSE	FALSE
HALLMARK_MYOGENESIS	Progressive-Diagnosis	-0.13432725636950066	0.07285895082850347	1	FALSE	FALSE
HALLMARK_MYOGENESIS	Recurrence-Diagnosis	0.025193600330307375	0.9686660495841496	1	FALSE	FALSE
HALLMARK_MYOGENESIS	Second Malignancy-Diagnosis	-0.20467399296968258	0.41040862719393834	1	FALSE	FALSE
HALLMARK_MYOGENESIS	Recurrence-Progressive	0.15952085669980803	0.09360259910505875	1	FALSE	FALSE
HALLMARK_MYOGENESIS	Second Malignancy-Progressive	-0.07034673660018192	0.9537003350613228	1	FALSE	FALSE
HALLMARK_MYOGENESIS	Second Malignancy-Recurrence	-0.22986759329998996	0.3471370638961442	1	FALSE	FALSE
HALLMARK_NOTCH_SIGNALING	Progressive-Diagnosis	-0.18713788831463177	0.09251222694577999	1	FALSE	FALSE
HALLMARK_NOTCH_SIGNALING	Recurrence-Diagnosis	0.08821235059560967	0.6998809804078518	1	FALSE	FALSE
HALLMARK_NOTCH_SIGNALING	Second Malignancy-Diagnosis	-0.06082529764880856	0.9885037560614283	1	FALSE	FALSE
HALLMARK_NOTCH_SIGNALING	Recurrence-Progressive	0.27535023891024146	0.03490127527197007	1	FALSE	FALSE
HALLMARK_NOTCH_SIGNALING	Second Malignancy-Progressive	0.1263125906658232	0.918134900958604	1	FALSE	FALSE
HALLMARK_NOTCH_SIGNALING	Second Malignancy-Recurrence	-0.14903764824441823	0.8761566823033898	1	FALSE	FALSE
HALLMARK_OXIDATIVE_PHOSPHORYLATION	Progressive-Diagnosis	-0.3869990741837889	0.031418980489321235	1	FALSE	FALSE
HALLMARK_OXIDATIVE_PHOSPHORYLATION	Recurrence-Diagnosis	0.09274774059462257	0.9102363043819014	1	FALSE	FALSE
HALLMARK_OXIDATIVE_PHOSPHORYLATION	Second Malignancy-Diagnosis	0.005549385083217777	0.9999982240016037	1	FALSE	FALSE
HALLMARK_OXIDATIVE_PHOSPHORYLATION	Recurrence-Progressive	0.4797468147784115	0.03248243131030337	1	FALSE	FALSE
HALLMARK_OXIDATIVE_PHOSPHORYLATION	Second Malignancy-Progressive	0.3925484592670067	0.6591383867323839	1	FALSE	FALSE
HALLMARK_OXIDATIVE_PHOSPHORYLATION	Second Malignancy-Recurrence	-0.0871983555114048	0.9941096097998926	1	FALSE	FALSE
HALLMARK_P53_PATHWAY	Progressive-Diagnosis	-0.2070028066320373	0.07482181276704192	1	FALSE	FALSE
HALLMARK_P53_PATHWAY	Recurrence-Diagnosis	0.09073016446004212	0.7202042409923641	1	FALSE	FALSE
HALLMARK_P53_PATHWAY	Second Malignancy-Diagnosis	0.0014369020170418856	0.9999998681640485	1	FALSE	FALSE
HALLMARK_P53_PATHWAY	Recurrence-Progressive	0.2977329710920794	0.03090154882608187	1	FALSE	FALSE
HALLMARK_P53_PATHWAY	Second Malignancy-Progressive	0.20843970864907918	0.7533341739642055	1	FALSE	FALSE
HALLMARK_P53_PATHWAY	Second Malignancy-Recurrence	-0.08929326244300023	0.9741718358698876	1	FALSE	FALSE
HALLMARK_PANCREAS_BETA_CELLS	Progressive-Diagnosis	-0.05001747264993073	0.8636893358851276	1	FALSE	FALSE
HALLMARK_PANCREAS_BETA_CELLS	Recurrence-Diagnosis	0.058745578137232676	0.8200806320019877	1	FALSE	FALSE
HALLMARK_PANCREAS_BETA_CELLS	Second Malignancy-Diagnosis	-0.37011716948062023	0.10994132286460834	1	FALSE	FALSE
HALLMARK_PANCREAS_BETA_CELLS	Recurrence-Progressive	0.1087630507871634	0.5333926714409596	1	FALSE	FALSE
HALLMARK_PANCREAS_BETA_CELLS	Second Malignancy-Progressive	-0.3200996968306895	0.22704263894188648	1	FALSE	FALSE
HALLMARK_PANCREAS_BETA_CELLS	Second Malignancy-Recurrence	-0.4288627476178529	0.06407653536757207	1	FALSE	FALSE
HALLMARK_PEROXISOME	Progressive-Diagnosis	-0.28784586525998235	0.005903745627686918	0.2951872813843459	TRUE	FALSE
HALLMARK_PEROXISOME	Recurrence-Diagnosis	0.07225277362589791	0.8288871636387052	1	FALSE	FALSE
HALLMARK_PEROXISOME	Second Malignancy-Diagnosis	-0.05359870149149373	0.9930074406950096	1	FALSE	FALSE
HALLMARK_PEROXISOME	Recurrence-Progressive	0.36009863888588023	0.005669217456749309	0.28346087283746546	TRUE	FALSE
HALLMARK_PEROXISOME	Second Malignancy-Progressive	0.23424716376848861	0.6695052087388103	1	FALSE	FALSE
HALLMARK_PEROXISOME	Second Malignancy-Recurrence	-0.12585147511739164	0.929368293855742	1	FALSE	FALSE
HALLMARK_PI3K_AKT_MTOR_SIGNALING	Progressive-Diagnosis	-0.17078185327023032	0.2513711248850937	1	FALSE	FALSE
HALLMARK_PI3K_AKT_MTOR_SIGNALING	Recurrence-Diagnosis	0.0769128516053157	0.8489377514450394	1	FALSE	FALSE
HALLMARK_PI3K_AKT_MTOR_SIGNALING	Second Malignancy-Diagnosis	0.06951608168987408	0.9892333987267441	1	FALSE	FALSE
HALLMARK_PI3K_AKT_MTOR_SIGNALING	Recurrence-Progressive	0.247694704875546	0.14383435438415682	1	FALSE	FALSE
HALLMARK_PI3K_AKT_MTOR_SIGNALING	Second Malignancy-Progressive	0.24029793496010438	0.7261485839314668	1	FALSE	FALSE
HALLMARK_PI3K_AKT_MTOR_SIGNALING	Second Malignancy-Recurrence	-0.007396769915441623	0.9999881604937502	1	FALSE	FALSE
HALLMARK_PROTEIN_SECRETION	Progressive-Diagnosis	-0.31495959426526676	0.11198972946973651	1	FALSE	FALSE
HALLMARK_PROTEIN_SECRETION	Recurrence-Diagnosis	0.06796662028418382	0.9633372522647856	1	FALSE	FALSE
HALLMARK_PROTEIN_SECRETION	Second Malignancy-Diagnosis	0.17376336137129134	0.9533097385216225	1	FALSE	FALSE
HALLMARK_PROTEIN_SECRETION	Recurrence-Progressive	0.3829262145494506	0.12520446531654184	1	FALSE	FALSE
HALLMARK_PROTEIN_SECRETION	Second Malignancy-Progressive	0.4887229556365581	0.4989494018594258	1	FALSE	FALSE
HALLMARK_PROTEIN_SECRETION	Second Malignancy-Recurrence	0.10579674108710752	0.9900614313682818	1	FALSE	FALSE
HALLMARK_REACTIVE_OXYGEN_SPECIES_PATHWAY	Progressive-Diagnosis	-0.2260874367778727	0.08272909510490478	1	FALSE	FALSE
HALLMARK_REACTIVE_OXYGEN_SPECIES_PATHWAY	Recurrence-Diagnosis	0.05428325097840775	0.9415176153766129	1	FALSE	FALSE
HALLMARK_REACTIVE_OXYGEN_SPECIES_PATHWAY	Second Malignancy-Diagnosis	0.11963687535444098	0.9507398161029623	1	FALSE	FALSE
HALLMARK_REACTIVE_OXYGEN_SPECIES_PATHWAY	Recurrence-Progressive	0.2803706877562805	0.08469291211596996	1	FALSE	FALSE
HALLMARK_REACTIVE_OXYGEN_SPECIES_PATHWAY	Second Malignancy-Progressive	0.3457243121323137	0.45908294920124737	1	FALSE	FALSE
HALLMARK_REACTIVE_OXYGEN_SPECIES_PATHWAY	Second Malignancy-Recurrence	0.06535362437603323	0.9923482449408776	1	FALSE	FALSE
HALLMARK_SPERMATOGENESIS	Progressive-Diagnosis	-0.09417586129021271	0.20546808608906297	1	FALSE	FALSE
HALLMARK_SPERMATOGENESIS	Recurrence-Diagnosis	-0.035026624823846886	0.891965278909711	1	FALSE	FALSE
HALLMARK_SPERMATOGENESIS	Second Malignancy-Diagnosis	-0.1950657306027268	0.34559135544102526	1	FALSE	FALSE
HALLMARK_SPERMATOGENESIS	Recurrence-Progressive	0.05914923646636583	0.7432135461567082	1	FALSE	FALSE
HALLMARK_SPERMATOGENESIS	Second Malignancy-Progressive	-0.10088986931251409	0.8336411125157577	1	FALSE	FALSE
HALLMARK_SPERMATOGENESIS	Second Malignancy-Recurrence	-0.16003910577887992	0.5531287394379536	1	FALSE	FALSE
HALLMARK_TGF_BETA_SIGNALING	Progressive-Diagnosis	-0.1980337116835167	0.1675909452440888	1	FALSE	FALSE
HALLMARK_TGF_BETA_SIGNALING	Recurrence-Diagnosis	0.04450923153420619	0.9684226216864853	1	FALSE	FALSE
HALLMARK_TGF_BETA_SIGNALING	Second Malignancy-Diagnosis	-0.12949707675929495	0.9423065745689334	1	FALSE	FALSE
HALLMARK_TGF_BETA_SIGNALING	Recurrence-Progressive	0.24254294321772285	0.17897438905269925	1	FALSE	FALSE
HALLMARK_TGF_BETA_SIGNALING	Second Malignancy-Progressive	0.06853663492422174	0.9915596090243943	1	FALSE	FALSE
HALLMARK_TGF_BETA_SIGNALING	Second Malignancy-Recurrence	-0.1740063082935011	0.8867022691616063	1	FALSE	FALSE
HALLMARK_TNFA_SIGNALING_VIA_NFKB	Progressive-Diagnosis	-0.12364839295740655	0.5768336296645202	1	FALSE	FALSE
HALLMARK_TNFA_SIGNALING_VIA_NFKB	Recurrence-Diagnosis	0.11039906214821889	0.6951435496148224	1	FALSE	FALSE
HALLMARK_TNFA_SIGNALING_VIA_NFKB	Second Malignancy-Diagnosis	0.22416799723586384	0.779397363831514	1	FALSE	FALSE
HALLMARK_TNFA_SIGNALING_VIA_NFKB	Recurrence-Progressive	0.23404745510562544	0.2247111212202868	1	FALSE	FALSE
HALLMARK_TNFA_SIGNALING_VIA_NFKB	Second Malignancy-Progressive	0.3478163901932704	0.4966913452163536	1	FALSE	FALSE
HALLMARK_TNFA_SIGNALING_VIA_NFKB	Second Malignancy-Recurrence	0.11376893508764496	0.9670639268389091	1	FALSE	FALSE
HALLMARK_UNFOLDED_PROTEIN_RESPONSE	Progressive-Diagnosis	-0.22611829011975615	0.3269496213192824	1	FALSE	FALSE
HALLMARK_UNFOLDED_PROTEIN_RESPONSE	Recurrence-Diagnosis	0.038433875111473434	0.992253000024055	1	FALSE	FALSE
HALLMARK_UNFOLDED_PROTEIN_RESPONSE	Second Malignancy-Diagnosis	-0.13264336222524253	0.9761996150064453	1	FALSE	FALSE
HALLMARK_UNFOLDED_PROTEIN_RESPONSE	Recurrence-Progressive	0.2645521652312296	0.38121771499115176	1	FALSE	FALSE
HALLMARK_UNFOLDED_PROTEIN_RESPONSE	Second Malignancy-Progressive	0.09347492789451362	0.9922359532587661	1	FALSE	FALSE
HALLMARK_UNFOLDED_PROTEIN_RESPONSE	Second Malignancy-Recurrence	-0.17107723733671598	0.9567428467701595	1	FALSE	FALSE
HALLMARK_UV_RESPONSE_DN	Progressive-Diagnosis	-0.1823169761566679	0.07428108411237733	1	FALSE	FALSE
HALLMARK_UV_RESPONSE_DN	Recurrence-Diagnosis	0.05035975162903858	0.9097715170243516	1	FALSE	FALSE
HALLMARK_UV_RESPONSE_DN	Second Malignancy-Diagnosis	0.0010736593273981965	0.9999999191755257	1	FALSE	FALSE
HALLMARK_UV_RESPONSE_DN	Recurrence-Progressive	0.23267672778570647	0.06493668007451281	1	FALSE	FALSE
HALLMARK_UV_RESPONSE_DN	Second Malignancy-Progressive	0.1833906354840661	0.7531708655854451	1	FALSE	FALSE
HALLMARK_UV_RESPONSE_DN	Second Malignancy-Recurrence	-0.04928609230164038	0.9933322189916014	1	FALSE	FALSE
HALLMARK_UV_RESPONSE_UP	Progressive-Diagnosis	-0.16804046134326656	0.034596927992066595	1	FALSE	FALSE
HALLMARK_UV_RESPONSE_UP	Recurrence-Diagnosis	0.040479747798012944	0.9123610887177345	1	FALSE	FALSE
HALLMARK_UV_RESPONSE_UP	Second Malignancy-Diagnosis	-0.10733263827447577	0.8790857266241082	1	FALSE	FALSE
HALLMARK_UV_RESPONSE_UP	Recurrence-Progressive	0.2085202091412795	0.03550352030888715	1	FALSE	FALSE
HALLMARK_UV_RESPONSE_UP	Second Malignancy-Progressive	0.0607078230687908	0.9771114781956378	1	FALSE	FALSE
HALLMARK_UV_RESPONSE_UP	Second Malignancy-Recurrence	-0.1478123860724887	0.762097758296227	1	FALSE	FALSE
HALLMARK_WNT_BETA_CATENIN_SIGNALING	Progressive-Diagnosis	-0.1399552327714055	0.19961829058201386	1	FALSE	FALSE
HALLMARK_WNT_BETA_CATENIN_SIGNALING	Recurrence-Diagnosis	0.01381404758699692	0.9975079204347879	1	FALSE	FALSE
HALLMARK_WNT_BETA_CATENIN_SIGNALING	Second Malignancy-Diagnosis	-0.25675696430602313	0.44442449891629643	1	FALSE	FALSE
HALLMARK_WNT_BETA_CATENIN_SIGNALING	Recurrence-Progressive	0.15376928035840243	0.29799589496670453	1	FALSE	FALSE
HALLMARK_WNT_BETA_CATENIN_SIGNALING	Second Malignancy-Progressive	-0.11680173153461765	0.9105683817285738	1	FALSE	FALSE
HALLMARK_WNT_BETA_CATENIN_SIGNALING	Second Malignancy-Recurrence	-0.2705710118930201	0.4366628423332609	1	FALSE	FALSE
HALLMARK_XENOBIOTIC_METABOLISM	Progressive-Diagnosis	-0.18156342493303962	0.042482400761650996	1	FALSE	FALSE
HALLMARK_XENOBIOTIC_METABOLISM	Recurrence-Diagnosis	0.030664102271613036	0.9698649923153728	1	FALSE	FALSE
HALLMARK_XENOBIOTIC_METABOLISM	Second Malignancy-Diagnosis	-0.04041380059850716	0.9943495697126572	1	FALSE	FALSE
HALLMARK_XENOBIOTIC_METABOLISM	Recurrence-Progressive	0.21222752720465266	0.06247532256499866	1	FALSE	FALSE
HALLMARK_XENOBIOTIC_METABOLISM	Second Malignancy-Progressive	0.1411496243345325	0.8323691899589649	1	FALSE	FALSE
HALLMARK_XENOBIOTIC_METABOLISM	Second Malignancy-Recurrence	-0.0710779028701202	0.974249984672098	1	FALSE	FALSE
