hallmark_name	term	comparison	null.value	pathway_score_difference	conf.low	conf.high	tukey_p_value	bonferroni_pvalue	significant_tukey	significant_tukey_bonf
HALLMARK_ADIPOGENESIS	tumor_descriptor	Diagnosis-Deceased	0	0.11064609151768881	-0.21365847660853418	0.4349506596439118	0.7035501101246827	1	FALSE	FALSE
HALLMARK_ADIPOGENESIS	tumor_descriptor	Recurrence-Deceased	0	0.15257228706194775	-0.17173228106427524	0.47687685518817075	0.47666505645102086	1	FALSE	FALSE
HALLMARK_ADIPOGENESIS	tumor_descriptor	Progressive-Deceased	0	0.23269659256627068	-0.2537602596230638	0.7191534447556052	0.46376833140746165	1	FALSE	FALSE
HALLMARK_ADIPOGENESIS	tumor_descriptor	Recurrence-Diagnosis	0	0.04192619554425895	-0.3206573343277141	0.40450972541623204	0.9814510502664693	1	FALSE	FALSE
HALLMARK_ADIPOGENESIS	tumor_descriptor	Progressive-Diagnosis	0	0.12205050104858187	-0.3907200443894727	0.6348210464866364	0.86909468976415	1	FALSE	FALSE
HALLMARK_ADIPOGENESIS	tumor_descriptor	Progressive-Recurrence	0	0.08012430550432291	-0.43264623993373164	0.5928948509423775	0.9567180789144031	1	FALSE	FALSE
HALLMARK_ALLOGRAFT_REJECTION	tumor_descriptor	Deceased-Recurrence	0	0.06413246441112808	-0.1161675854175094	0.24443251423976556	0.6777324855150686	1	FALSE	FALSE
HALLMARK_ALLOGRAFT_REJECTION	tumor_descriptor	Progressive-Recurrence	0	0.11877553172130428	-0.1663038781288687	0.4038549415714773	0.5687911190378179	1	FALSE	FALSE
HALLMARK_ALLOGRAFT_REJECTION	tumor_descriptor	Diagnosis-Recurrence	0	0.1397614357887208	-0.06182014809299555	0.3413430196704371	0.19732167388846422	1	FALSE	FALSE
HALLMARK_ALLOGRAFT_REJECTION	tumor_descriptor	Progressive-Deceased	0	0.05464306731017621	-0.21580700743278003	0.32509314205313244	0.9136819312179016	1	FALSE	FALSE
HALLMARK_ALLOGRAFT_REJECTION	tumor_descriptor	Diagnosis-Deceased	0	0.07562897137759272	-0.10467107845104476	0.2559290212062302	0.5638168045616571	1	FALSE	FALSE
HALLMARK_ALLOGRAFT_REJECTION	tumor_descriptor	Diagnosis-Progressive	0	0.020985904067416516	-0.2640935057827565	0.3060653139175895	0.9950129244182498	1	FALSE	FALSE
HALLMARK_ANDROGEN_RESPONSE	tumor_descriptor	Diagnosis-Deceased	0	0.06403536286177328	-0.29431764236854463	0.42238836809209124	0.937639421801494	1	FALSE	FALSE
HALLMARK_ANDROGEN_RESPONSE	tumor_descriptor	Progressive-Deceased	0	0.07804258292152196	-0.459486924923955	0.6155720907669989	0.9646938327570822	1	FALSE	FALSE
HALLMARK_ANDROGEN_RESPONSE	tumor_descriptor	Recurrence-Deceased	0	0.14785977124713506	-0.21049323398318287	0.506212776477453	0.5759174304968468	1	FALSE	FALSE
HALLMARK_ANDROGEN_RESPONSE	tumor_descriptor	Progressive-Diagnosis	0	0.014007220059748679	-0.5525986313872698	0.5806130715067671	0.9998062961990213	1	FALSE	FALSE
HALLMARK_ANDROGEN_RESPONSE	tumor_descriptor	Recurrence-Diagnosis	0	0.08382440838536179	-0.31682643143280254	0.48447524820352605	0.9055065754310851	1	FALSE	FALSE
HALLMARK_ANDROGEN_RESPONSE	tumor_descriptor	Recurrence-Progressive	0	0.06981718832561311	-0.49678866312140535	0.6364230397726316	0.9777616864644342	1	FALSE	FALSE
HALLMARK_ANGIOGENESIS	tumor_descriptor	Deceased-Recurrence	0	0.18699822986236045	-0.4126303534257665	0.7866268131504874	0.7545458909818604	1	FALSE	FALSE
HALLMARK_ANGIOGENESIS	tumor_descriptor	Diagnosis-Recurrence	0	0.214682685758968	-0.45572245098310504	0.885087822501041	0.7401919278993155	1	FALSE	FALSE
HALLMARK_ANGIOGENESIS	tumor_descriptor	Progressive-Recurrence	0	0.44800854975909155	-0.5000874869061375	1.3961045864243204	0.47325559077952684	1	FALSE	FALSE
HALLMARK_ANGIOGENESIS	tumor_descriptor	Diagnosis-Deceased	0	0.027684455896607563	-0.5719441273915193	0.6273130391847346	0.9987482840754878	1	FALSE	FALSE
HALLMARK_ANGIOGENESIS	tumor_descriptor	Progressive-Deceased	0	0.26101031989673107	-0.6384325550354593	1.1604531948289214	0.7906682951723618	1	FALSE	FALSE
HALLMARK_ANGIOGENESIS	tumor_descriptor	Progressive-Diagnosis	0	0.2333258640001235	-0.7147701726651055	1.1814219006653526	0.857917341153755	1	FALSE	FALSE
HALLMARK_APICAL_JUNCTION	tumor_descriptor	Diagnosis-Recurrence	0	0.06429274681080682	-0.32272885268718227	0.4513143463087959	0.948811106329269	1	FALSE	FALSE
HALLMARK_APICAL_JUNCTION	tumor_descriptor	Deceased-Recurrence	0	0.09225569848511114	-0.25390694361016974	0.438418340580392	0.8279997042866698	1	FALSE	FALSE
HALLMARK_APICAL_JUNCTION	tumor_descriptor	Progressive-Recurrence	0	0.12736220191197223	-0.41996899302941226	0.6746933968533567	0.8762413850686928	1	FALSE	FALSE
HALLMARK_APICAL_JUNCTION	tumor_descriptor	Deceased-Diagnosis	0	0.02796295167430431	-0.31819969042097657	0.37412559376958515	0.9934481669667368	1	FALSE	FALSE
HALLMARK_APICAL_JUNCTION	tumor_descriptor	Progressive-Diagnosis	0	0.0630694551011654	-0.4842617398402191	0.6104006500425498	0.9816346155266173	1	FALSE	FALSE
HALLMARK_APICAL_JUNCTION	tumor_descriptor	Progressive-Deceased	0	0.0351065034268611	-0.4841374597160602	0.5543504665697824	0.9961190893343184	1	FALSE	FALSE
HALLMARK_APICAL_SURFACE	tumor_descriptor	Deceased-Recurrence	0	0.11217866177770171	-0.34320126537790074	0.5675585889333041	0.8575772289176923	1	FALSE	FALSE
HALLMARK_APICAL_SURFACE	tumor_descriptor	Diagnosis-Recurrence	0	0.28791947128737216	-0.22121076506704263	0.797049707641787	0.33515459960861516	1	FALSE	FALSE
HALLMARK_APICAL_SURFACE	tumor_descriptor	Progressive-Recurrence	0	0.5584309665183586	-0.16158791874827427	1.2784498517849914	0.13750304444981543	1	FALSE	FALSE
HALLMARK_APICAL_SURFACE	tumor_descriptor	Diagnosis-Deceased	0	0.17574080950967047	-0.27963911764593197	0.6311207366652729	0.6235380752936408	1	FALSE	FALSE
HALLMARK_APICAL_SURFACE	tumor_descriptor	Progressive-Deceased	0	0.44625230474065686	-0.23681758599274688	1.1293221954740607	0.23411983446028561	1	FALSE	FALSE
HALLMARK_APICAL_SURFACE	tumor_descriptor	Progressive-Diagnosis	0	0.2705114952309864	-0.44950739003564644	0.9905303804976192	0.6418835690654798	1	FALSE	FALSE
HALLMARK_APOPTOSIS	tumor_descriptor	Deceased-Recurrence	0	0.036885887492844494	-0.1763308494634756	0.2501026244491646	0.9428530674769311	1	FALSE	FALSE
HALLMARK_APOPTOSIS	tumor_descriptor	Diagnosis-Recurrence	0	0.05827436021022478	-0.1801091986772869	0.2966579190977364	0.860222980465617	1	FALSE	FALSE
HALLMARK_APOPTOSIS	tumor_descriptor	Progressive-Recurrence	0	0.1660323504958014	-0.17109291152968298	0.5031576125212858	0.44112041835499094	1	FALSE	FALSE
HALLMARK_APOPTOSIS	tumor_descriptor	Diagnosis-Deceased	0	0.021388472717380286	-0.1918282642389398	0.23460520967370038	0.9876814670080443	1	FALSE	FALSE
HALLMARK_APOPTOSIS	tumor_descriptor	Progressive-Deceased	0	0.1291464630029569	-0.19067864243152327	0.4489715684374371	0.5915577077686376	1	FALSE	FALSE
HALLMARK_APOPTOSIS	tumor_descriptor	Progressive-Diagnosis	0	0.1077579902855766	-0.22936727173990779	0.44488325231106096	0.7412104724402924	1	FALSE	FALSE
HALLMARK_BILE_ACID_METABOLISM	tumor_descriptor	Deceased-Recurrence	0	0.06048677436890859	-0.36703527019632093	0.4880088189341381	0.9671529152783729	1	FALSE	FALSE
HALLMARK_BILE_ACID_METABOLISM	tumor_descriptor	Diagnosis-Recurrence	0	0.1498746117249072	-0.3281095650388667	0.627858788488681	0.7516487960432372	1	FALSE	FALSE
HALLMARK_BILE_ACID_METABOLISM	tumor_descriptor	Progressive-Recurrence	0	0.24569234793736208	-0.43027935744170576	0.9216640533164299	0.6638354283859407	1	FALSE	FALSE
HALLMARK_BILE_ACID_METABOLISM	tumor_descriptor	Diagnosis-Deceased	0	0.08938783735599862	-0.33813420720923093	0.5169098819212281	0.9056661679227331	1	FALSE	FALSE
HALLMARK_BILE_ACID_METABOLISM	tumor_descriptor	Progressive-Deceased	0	0.1852055735684535	-0.45607749327939084	0.8264886404162978	0.7929213506072685	1	FALSE	FALSE
HALLMARK_BILE_ACID_METABOLISM	tumor_descriptor	Progressive-Diagnosis	0	0.09581773621245487	-0.5801539691666129	0.7717894415915227	0.9669799307879009	1	FALSE	FALSE
HALLMARK_CHOLESTEROL_HOMEOSTASIS	tumor_descriptor	Deceased-Diagnosis	0	0.00967135726597923	-0.348218500838735	0.3675612153706935	0.9997471479741643	1	FALSE	FALSE
HALLMARK_CHOLESTEROL_HOMEOSTASIS	tumor_descriptor	Recurrence-Diagnosis	0	0.04684917621706977	-0.3532838493728778	0.4469822018070173	0.9807767268544563	1	FALSE	FALSE
HALLMARK_CHOLESTEROL_HOMEOSTASIS	tumor_descriptor	Progressive-Diagnosis	0	0.1928495600204197	-0.3730239915222648	0.7587231115631041	0.7042217381871377	1	FALSE	FALSE
HALLMARK_CHOLESTEROL_HOMEOSTASIS	tumor_descriptor	Recurrence-Deceased	0	0.03717781895109054	-0.3207120391536237	0.3950676770558048	0.9863713247578841	1	FALSE	FALSE
HALLMARK_CHOLESTEROL_HOMEOSTASIS	tumor_descriptor	Progressive-Deceased	0	0.18317820275444047	-0.35365658440263087	0.7200129899115117	0.7034804532945214	1	FALSE	FALSE
HALLMARK_CHOLESTEROL_HOMEOSTASIS	tumor_descriptor	Progressive-Recurrence	0	0.14600038380334993	-0.4198731677393346	0.7118739353460344	0.8407381710382537	1	FALSE	FALSE
HALLMARK_COAGULATION	tumor_descriptor	Diagnosis-Recurrence	0	0.06599463185017626	-0.39844115017634363	0.5304304138766962	0.9667525939210717	1	FALSE	FALSE
HALLMARK_COAGULATION	tumor_descriptor	Deceased-Recurrence	0	0.20880451884109247	-0.20659947307673693	0.6242085107589219	0.42524877598572675	1	FALSE	FALSE
HALLMARK_COAGULATION	tumor_descriptor	Progressive-Recurrence	0	0.2254886372973307	-0.4313227444959282	0.8823000190905896	0.6997823183241256	1	FALSE	FALSE
HALLMARK_COAGULATION	tumor_descriptor	Deceased-Diagnosis	0	0.1428098869909162	-0.27259410492691316	0.5582138789087456	0.6989361613693252	1	FALSE	FALSE
HALLMARK_COAGULATION	tumor_descriptor	Progressive-Diagnosis	0	0.15949400544715447	-0.49731737634610446	0.8163053872404133	0.8624880229536939	1	FALSE	FALSE
HALLMARK_COAGULATION	tumor_descriptor	Progressive-Deceased	0	0.016684118456238253	-0.6064218694205058	0.6397901063329824	0.99975401598581	1	FALSE	FALSE
HALLMARK_COMPLEMENT	tumor_descriptor	Diagnosis-Recurrence	0	0.05774161963540536	-0.3111821419657	0.4266653812365107	0.9565223715956798	1	FALSE	FALSE
HALLMARK_COMPLEMENT	tumor_descriptor	Deceased-Recurrence	0	0.11536841715976492	-0.2146070266222344	0.44534386094176426	0.688559161290894	1	FALSE	FALSE
HALLMARK_COMPLEMENT	tumor_descriptor	Progressive-Recurrence	0	0.20498842237570863	-0.31674856476227303	0.7267254095136904	0.6110383582297707	1	FALSE	FALSE
HALLMARK_COMPLEMENT	tumor_descriptor	Deceased-Diagnosis	0	0.05762679752435956	-0.27234864625763977	0.3876022413063589	0.9413754737172323	1	FALSE	FALSE
HALLMARK_COMPLEMENT	tumor_descriptor	Progressive-Diagnosis	0	0.14724680274030327	-0.3744901843976784	0.6689837898782849	0.8035073554052143	1	FALSE	FALSE
HALLMARK_COMPLEMENT	tumor_descriptor	Progressive-Deceased	0	0.08962000521594371	-0.4053431604570552	0.5845831708889426	0.9353961505386028	1	FALSE	FALSE
HALLMARK_DNA_REPAIR	tumor_descriptor	Progressive-Deceased	0	0.524902344881255	-0.28730472117551054	1.3371094109380204	0.24116641705692954	1	FALSE	FALSE
HALLMARK_DNA_REPAIR	tumor_descriptor	Diagnosis-Deceased	0	0.538003815834483	-0.0034675615366940304	1.0794751932056599	0.05146418315587242	1	FALSE	FALSE
HALLMARK_DNA_REPAIR	tumor_descriptor	Recurrence-Deceased	0	0.5750861658760882	0.033614788504911175	1.1165575432472652	0.03783871802471139	1	FALSE	FALSE
HALLMARK_DNA_REPAIR	tumor_descriptor	Diagnosis-Progressive	0	0.013101470953227973	-0.8430399491875096	0.8692428910939656	0.9999539622666485	1	FALSE	FALSE
HALLMARK_DNA_REPAIR	tumor_descriptor	Recurrence-Progressive	0	0.050183820994833206	-0.8059575991459044	0.9063252411355708	0.997455963346124	1	FALSE	FALSE
HALLMARK_DNA_REPAIR	tumor_descriptor	Recurrence-Diagnosis	0	0.03708235004160523	-0.5683010537945914	0.6424657538778018	0.9971015974361175	1	FALSE	FALSE
HALLMARK_E2F_TARGETS	tumor_descriptor	Progressive-Deceased	0	0.6421437734691737	-0.38614438099840864	1.670431927936756	0.26412075144137226	1	FALSE	FALSE
HALLMARK_E2F_TARGETS	tumor_descriptor	Diagnosis-Deceased	0	0.6962029047031044	0.01067746839138295	1.381728341014826	0.04661400347095179	1	FALSE	FALSE
HALLMARK_E2F_TARGETS	tumor_descriptor	Recurrence-Deceased	0	0.8197838455695947	0.13425840925787325	1.505309281881316	0.020963239428668512	1	FALSE	FALSE
HALLMARK_E2F_TARGETS	tumor_descriptor	Diagnosis-Progressive	0	0.054059131233930746	-1.0298517551289383	1.1379700175967997	0.9984250802426899	1	FALSE	FALSE
HALLMARK_E2F_TARGETS	tumor_descriptor	Recurrence-Progressive	0	0.177640072100421	-0.906270814262448	1.26155095846329	0.9506678756565945	1	FALSE	FALSE
HALLMARK_E2F_TARGETS	tumor_descriptor	Recurrence-Diagnosis	0	0.12358094086649024	-0.6428597970826158	0.8900216788155964	0.9528187504884773	1	FALSE	FALSE
HALLMARK_EPITHELIAL_MESENCHYMAL_TRANSITION	tumor_descriptor	Diagnosis-Recurrence	0	0.08074773313964534	-0.6413548918897889	0.8028503581690796	0.983149487178332	1	FALSE	FALSE
HALLMARK_EPITHELIAL_MESENCHYMAL_TRANSITION	tumor_descriptor	Deceased-Recurrence	0	0.15599321964788987	-0.48987500287085267	0.8018614421666324	0.8642961164216076	1	FALSE	FALSE
HALLMARK_EPITHELIAL_MESENCHYMAL_TRANSITION	tumor_descriptor	Progressive-Recurrence	0	0.3019215728896739	-0.7192857528521656	1.3231288986315133	0.7817211326033173	1	FALSE	FALSE
HALLMARK_EPITHELIAL_MESENCHYMAL_TRANSITION	tumor_descriptor	Deceased-Diagnosis	0	0.07524548650824453	-0.5706227360104981	0.721113709026987	0.9810483738340527	1	FALSE	FALSE
HALLMARK_EPITHELIAL_MESENCHYMAL_TRANSITION	tumor_descriptor	Progressive-Diagnosis	0	0.22117383975002858	-0.8000334859918109	1.2423811654918682	0.896738506330283	1	FALSE	FALSE
HALLMARK_EPITHELIAL_MESENCHYMAL_TRANSITION	tumor_descriptor	Progressive-Deceased	0	0.14592835324178405	-0.8228739805363297	1.1147306870198976	0.9608926093900947	1	FALSE	FALSE
HALLMARK_ESTROGEN_RESPONSE_EARLY	tumor_descriptor	Diagnosis-Recurrence	0	0.13660913938754	-0.08250570701911047	0.35572398579419046	0.26523738501373206	1	FALSE	FALSE
HALLMARK_ESTROGEN_RESPONSE_EARLY	tumor_descriptor	Deceased-Recurrence	0	0.18704415415641498	-0.008938122421463385	0.3830264307342933	0.061430060018792365	1	FALSE	FALSE
HALLMARK_ESTROGEN_RESPONSE_EARLY	tumor_descriptor	Progressive-Recurrence	0	0.33632326560977877	0.026448078104196027	0.6461984531153615	0.03410712158113305	1	FALSE	FALSE
HALLMARK_ESTROGEN_RESPONSE_EARLY	tumor_descriptor	Deceased-Diagnosis	0	0.05043501476887499	-0.14554726180900338	0.24641729134675336	0.84171706442311	1	FALSE	FALSE
HALLMARK_ESTROGEN_RESPONSE_EARLY	tumor_descriptor	Progressive-Diagnosis	0	0.19971412622223875	-0.11016106128334399	0.5095893137278215	0.24296468974714458	1	FALSE	FALSE
HALLMARK_ESTROGEN_RESPONSE_EARLY	tumor_descriptor	Progressive-Deceased	0	0.14927911145336376	-0.14469430341345385	0.44325252632018136	0.4173443295989149	1	FALSE	FALSE
HALLMARK_ESTROGEN_RESPONSE_LATE	tumor_descriptor	Diagnosis-Recurrence	0	0.11687240231381829	-0.12323431343008448	0.3569791180577211	0.4502399903641655	1	FALSE	FALSE
HALLMARK_ESTROGEN_RESPONSE_LATE	tumor_descriptor	Deceased-Recurrence	0	0.1170847665248995	-0.09767320877813475	0.3318427418279338	0.3626883516715428	1	FALSE	FALSE
HALLMARK_ESTROGEN_RESPONSE_LATE	tumor_descriptor	Progressive-Recurrence	0	0.22015763930073592	-0.11940453452115288	0.5597198131226248	0.23905446289193732	1	FALSE	FALSE
HALLMARK_ESTROGEN_RESPONSE_LATE	tumor_descriptor	Deceased-Diagnosis	0	2.1236421108121548e-4	-0.21454561109195303	0.21497033951411548	0.999999987562826	1	FALSE	FALSE
HALLMARK_ESTROGEN_RESPONSE_LATE	tumor_descriptor	Progressive-Diagnosis	0	0.10328523698691763	-0.23627693683497117	0.4428474108088064	0.7675419783393126	1	FALSE	FALSE
HALLMARK_ESTROGEN_RESPONSE_LATE	tumor_descriptor	Progressive-Deceased	0	0.10307287277583642	-0.21906409017871487	0.42520983573038773	0.7406445031242548	1	FALSE	FALSE
HALLMARK_FATTY_ACID_METABOLISM	tumor_descriptor	Diagnosis-Deceased	0	0.05971410288886225	-0.3684076897786735	0.487835895556398	0.968438639258627	1	FALSE	FALSE
HALLMARK_FATTY_ACID_METABOLISM	tumor_descriptor	Recurrence-Deceased	0	0.11820147717054605	-0.30992031549698973	0.5463232698380818	0.8132009683906976	1	FALSE	FALSE
HALLMARK_FATTY_ACID_METABOLISM	tumor_descriptor	Progressive-Deceased	0	0.11934501382583512	-0.5228376751754684	0.7615277028271388	0.9307428383747526	1	FALSE	FALSE
HALLMARK_FATTY_ACID_METABOLISM	tumor_descriptor	Recurrence-Diagnosis	0	0.058487374281683796	-0.42016734124515676	0.5371420898085243	0.9782861100002501	1	FALSE	FALSE
HALLMARK_FATTY_ACID_METABOLISM	tumor_descriptor	Progressive-Diagnosis	0	0.05963091093697287	-0.6172890794549206	0.7365509013288665	0.9915575760346383	1	FALSE	FALSE
HALLMARK_FATTY_ACID_METABOLISM	tumor_descriptor	Progressive-Recurrence	0	0.0011435366552890736	-0.6757764537366044	0.6780635270471826	0.9999999379903053	1	FALSE	FALSE
HALLMARK_G2M_CHECKPOINT	tumor_descriptor	Progressive-Deceased	0	0.59278603842743	-0.5673217341556588	1.752893811010519	0.41250757302615015	1	FALSE	FALSE
HALLMARK_G2M_CHECKPOINT	tumor_descriptor	Diagnosis-Deceased	0	0.6862673371821946	-0.08713784453986473	1.4596725189042539	0.0832024364380356	1	FALSE	FALSE
HALLMARK_G2M_CHECKPOINT	tumor_descriptor	Recurrence-Deceased	0	0.8521757145354637	0.0787705328134044	1.6255808962575231	0.03169454084895784	1	FALSE	FALSE
HALLMARK_G2M_CHECKPOINT	tumor_descriptor	Diagnosis-Progressive	0	0.09348129875476446	-1.1293796654543025	1.3163422629638313	0.9944276225016961	1	FALSE	FALSE
HALLMARK_G2M_CHECKPOINT	tumor_descriptor	Recurrence-Progressive	0	0.25938967610803365	-0.9634712881010332	1.4822506403171005	0.9021017093935171	1	FALSE	FALSE
HALLMARK_G2M_CHECKPOINT	tumor_descriptor	Recurrence-Diagnosis	0	0.1659083773532692	-0.6987849028872819	1.0306016575938204	0.9246264586240283	1	FALSE	FALSE
HALLMARK_GLYCOLYSIS	tumor_descriptor	Diagnosis-Deceased	0	0.13858769753010208	-0.34645721452708084	0.6236326095872851	0.7979041185555268	1	FALSE	FALSE
HALLMARK_GLYCOLYSIS	tumor_descriptor	Recurrence-Deceased	0	0.20869427779608668	-0.27635063426109624	0.6937391898532697	0.544904117130909	1	FALSE	FALSE
HALLMARK_GLYCOLYSIS	tumor_descriptor	Progressive-Deceased	0	0.24500334630002774	-0.48256402178574664	0.9725707143858021	0.7113801974769864	1	FALSE	FALSE
HALLMARK_GLYCOLYSIS	tumor_descriptor	Recurrence-Diagnosis	0	0.07010658026598462	-0.47219011748414963	0.6124032780161188	0.9745178456097374	1	FALSE	FALSE
HALLMARK_GLYCOLYSIS	tumor_descriptor	Progressive-Diagnosis	0	0.10641564876992565	-0.6605076960184573	0.8733389935583087	0.9688950459140946	1	FALSE	FALSE
HALLMARK_GLYCOLYSIS	tumor_descriptor	Progressive-Recurrence	0	0.03630906850394103	-0.730614276284442	0.803232413292324	0.9986510890487135	1	FALSE	FALSE
HALLMARK_HEDGEHOG_SIGNALING	tumor_descriptor	Diagnosis-Progressive	0	0.13468831469001102	-0.5927959295392071	0.8621725589192293	0.9314355522287332	1	FALSE	FALSE
HALLMARK_HEDGEHOG_SIGNALING	tumor_descriptor	Recurrence-Progressive	0	0.20066622309465873	-0.5268180211345594	0.928150467323877	0.8136039993469375	1	FALSE	FALSE
HALLMARK_HEDGEHOG_SIGNALING	tumor_descriptor	Deceased-Progressive	0	0.24434286798328517	-0.4458092841118749	0.9344950200784453	0.6806901674653583	1	FALSE	FALSE
HALLMARK_HEDGEHOG_SIGNALING	tumor_descriptor	Recurrence-Diagnosis	0	0.0659779084046477	-0.44843113389620304	0.5803869507054984	0.9750816036916268	1	FALSE	FALSE
HALLMARK_HEDGEHOG_SIGNALING	tumor_descriptor	Deceased-Diagnosis	0	0.10965455329327414	-0.35044688143683267	0.5697559880233809	0.8686796003227903	1	FALSE	FALSE
HALLMARK_HEDGEHOG_SIGNALING	tumor_descriptor	Deceased-Recurrence	0	0.04367664488862644	-0.41642478984148035	0.5037780796187332	0.9895037782894578	1	FALSE	FALSE
HALLMARK_HEME_METABOLISM	tumor_descriptor	Deceased-Recurrence	0	0.043474122006489174	-0.3635777627108676	0.450526006723846	0.9852356289371635	1	FALSE	FALSE
HALLMARK_HEME_METABOLISM	tumor_descriptor	Diagnosis-Recurrence	0	0.10557531321768276	-0.34952252908102605	0.5606731555163915	0.8771845905222112	1	FALSE	FALSE
HALLMARK_HEME_METABOLISM	tumor_descriptor	Progressive-Recurrence	0	0.3379578458763889	-0.3056476949091771	0.9815633866619549	0.3914294175641898	1	FALSE	FALSE
HALLMARK_HEME_METABOLISM	tumor_descriptor	Diagnosis-Deceased	0	0.06210119121119359	-0.34495069350616325	0.4691530759285504	0.9594849710771358	1	FALSE	FALSE
HALLMARK_HEME_METABOLISM	tumor_descriptor	Progressive-Deceased	0	0.2944837238698997	-0.31609410320613557	0.905061550945935	0.4573758128724139	1	FALSE	FALSE
HALLMARK_HEME_METABOLISM	tumor_descriptor	Progressive-Diagnosis	0	0.2323825326587061	-0.41122300812685986	0.8759880734442721	0.6681374606506525	1	FALSE	FALSE
HALLMARK_HYPOXIA	tumor_descriptor	Recurrence-Diagnosis	0	0.10069077064130416	-0.31635593875071044	0.5177374800333188	0.864416487969325	1	FALSE	FALSE
HALLMARK_HYPOXIA	tumor_descriptor	Deceased-Diagnosis	0	0.22067247169982618	-0.1523454450974317	0.5936903884970841	0.3021169673597557	1	FALSE	FALSE
HALLMARK_HYPOXIA	tumor_descriptor	Progressive-Diagnosis	0	0.2926215782559083	-0.2971715343093495	0.8824146908211661	0.4353819558589609	1	FALSE	FALSE
HALLMARK_HYPOXIA	tumor_descriptor	Deceased-Recurrence	0	0.11998170105852202	-0.25303621573873586	0.4929996178557799	0.7377335216327066	1	FALSE	FALSE
HALLMARK_HYPOXIA	tumor_descriptor	Progressive-Recurrence	0	0.19193080761460415	-0.39786230495065367	0.7817239201798619	0.7311979880183285	1	FALSE	FALSE
HALLMARK_HYPOXIA	tumor_descriptor	Progressive-Deceased	0	0.07194910655608214	-0.4875777686398046	0.6314759817519688	0.9748998479148461	1	FALSE	FALSE
HALLMARK_IL2_STAT5_SIGNALING	tumor_descriptor	Deceased-Recurrence	0	0.03149478681919643	-0.2447779131857566	0.30776748682414945	0.9821915996458741	1	FALSE	FALSE
HALLMARK_IL2_STAT5_SIGNALING	tumor_descriptor	Diagnosis-Recurrence	0	0.12726896517928038	-0.18161330358996036	0.4361512339485211	0.5769421893352358	1	FALSE	FALSE
HALLMARK_IL2_STAT5_SIGNALING	tumor_descriptor	Progressive-Recurrence	0	0.2977173145442015	-0.13910817912583023	0.7345428082142331	0.20758575714949623	1	FALSE	FALSE
HALLMARK_IL2_STAT5_SIGNALING	tumor_descriptor	Diagnosis-Deceased	0	0.09577417836008396	-0.18049852164486907	0.37204687836503697	0.6938260929663389	1	FALSE	FALSE
HALLMARK_IL2_STAT5_SIGNALING	tumor_descriptor	Progressive-Deceased	0	0.26622252772500504	-0.14818652228242446	0.6806315777324345	0.24509853605437026	1	FALSE	FALSE
HALLMARK_IL2_STAT5_SIGNALING	tumor_descriptor	Progressive-Diagnosis	0	0.1704483493649211	-0.2663771443051106	0.6072738430349528	0.6158710590160599	1	FALSE	FALSE
HALLMARK_IL6_JAK_STAT3_SIGNALING	tumor_descriptor	Deceased-Recurrence	0	0.13695389784934198	-0.09626223027499747	0.3701700259736814	0.3074443233835541	1	FALSE	FALSE
HALLMARK_IL6_JAK_STAT3_SIGNALING	tumor_descriptor	Diagnosis-Recurrence	0	0.19435334689104028	-0.06639021107662152	0.4550969048587021	0.15719255898445816	1	FALSE	FALSE
HALLMARK_IL6_JAK_STAT3_SIGNALING	tumor_descriptor	Progressive-Recurrence	0	0.23305564424267955	-0.13569143173660303	0.6018027202219621	0.25597854359958294	1	FALSE	FALSE
HALLMARK_IL6_JAK_STAT3_SIGNALING	tumor_descriptor	Diagnosis-Deceased	0	0.0573994490416983	-0.17581667908264115	0.29061557716603775	0.8578865453645872	1	FALSE	FALSE
HALLMARK_IL6_JAK_STAT3_SIGNALING	tumor_descriptor	Progressive-Deceased	0	0.09610174639333757	-0.25372244579317166	0.4459259385798468	0.8153571395604792	1	FALSE	FALSE
HALLMARK_IL6_JAK_STAT3_SIGNALING	tumor_descriptor	Progressive-Diagnosis	0	0.03870229735163927	-0.3300447786276433	0.40744937333092185	0.9859598609974158	1	FALSE	FALSE
HALLMARK_INFLAMMATORY_RESPONSE	tumor_descriptor	Diagnosis-Recurrence	0	0.16684000755616474	-0.2770753660446845	0.610755381157014	0.6416378420577185	1	FALSE	FALSE
HALLMARK_INFLAMMATORY_RESPONSE	tumor_descriptor	Deceased-Recurrence	0	0.22264884910665794	-0.1744011315448279	0.6196988297581438	0.34145799492518536	1	FALSE	FALSE
HALLMARK_INFLAMMATORY_RESPONSE	tumor_descriptor	Progressive-Recurrence	0	0.37631589845271685	-0.25147524343952365	1.0041070403449575	0.2926874885375057	1	FALSE	FALSE
HALLMARK_INFLAMMATORY_RESPONSE	tumor_descriptor	Deceased-Diagnosis	0	0.055808841550493204	-0.34124113910099263	0.45285882220197904	0.9677495037778168	1	FALSE	FALSE
HALLMARK_INFLAMMATORY_RESPONSE	tumor_descriptor	Progressive-Diagnosis	0	0.20947589089655208	-0.41831525099568845	0.8372670327887926	0.7167819460646505	1	FALSE	FALSE
HALLMARK_INFLAMMATORY_RESPONSE	tumor_descriptor	Progressive-Deceased	0	0.15366704934605888	-0.4419079216311699	0.7492420203232877	0.8407296550411576	1	FALSE	FALSE
HALLMARK_INTERFERON_ALPHA_RESPONSE	tumor_descriptor	Recurrence-Progressive	0	0.015174656932772534	-0.40909551553924983	0.4394448294047949	0.9994154472977452	1	FALSE	FALSE
HALLMARK_INTERFERON_ALPHA_RESPONSE	tumor_descriptor	Deceased-Progressive	0	0.03231376644125683	-0.37018426004396165	0.4348117929264753	0.993565617340858	1	FALSE	FALSE
HALLMARK_INTERFERON_ALPHA_RESPONSE	tumor_descriptor	Diagnosis-Progressive	0	0.14839366875486776	-0.2758765037171546	0.5726638412268901	0.6883189937965954	1	FALSE	FALSE
HALLMARK_INTERFERON_ALPHA_RESPONSE	tumor_descriptor	Deceased-Recurrence	0	0.017139109508484296	-0.251192908148328	0.2854711271652966	0.996719424094074	1	FALSE	FALSE
HALLMARK_INTERFERON_ALPHA_RESPONSE	tumor_descriptor	Diagnosis-Recurrence	0	0.13321901182209522	-0.16678530418805781	0.43322332783224826	0.5210528469607825	1	FALSE	FALSE
HALLMARK_INTERFERON_ALPHA_RESPONSE	tumor_descriptor	Diagnosis-Deceased	0	0.11607990231361093	-0.15225211534320138	0.38441191997042323	0.5408317015188238	1	FALSE	FALSE
HALLMARK_INTERFERON_GAMMA_RESPONSE	tumor_descriptor	Progressive-Recurrence	0	0.055110342378021926	-0.3589192772137681	0.46913996196981195	0.9723269940600565	1	FALSE	FALSE
HALLMARK_INTERFERON_GAMMA_RESPONSE	tumor_descriptor	Deceased-Recurrence	0	0.05722973911760776	-0.20462558421901822	0.31908506245423374	0.8943222911255869	1	FALSE	FALSE
HALLMARK_INTERFERON_GAMMA_RESPONSE	tumor_descriptor	Diagnosis-Recurrence	0	0.16409422843057225	-0.1286689231948691	0.4568573800560136	0.3417999353195199	1	FALSE	FALSE
HALLMARK_INTERFERON_GAMMA_RESPONSE	tumor_descriptor	Deceased-Progressive	0	0.0021193967395858326	-0.39066358826535313	0.3949023817445248	0.9999979795884276	1	FALSE	FALSE
HALLMARK_INTERFERON_GAMMA_RESPONSE	tumor_descriptor	Diagnosis-Progressive	0	0.10898388605255033	-0.3050457335392397	0.5230135056443403	0.8329633148234593	1	FALSE	FALSE
HALLMARK_INTERFERON_GAMMA_RESPONSE	tumor_descriptor	Diagnosis-Deceased	0	0.1068644893129645	-0.15499083402366148	0.3687198126495905	0.5839059467341985	1	FALSE	FALSE
HALLMARK_KRAS_SIGNALING_DN	tumor_descriptor	Diagnosis-Recurrence	0	0.21236277466413717	-0.057440053554958015	0.48216560288323235	0.13061799079074854	1	FALSE	FALSE
HALLMARK_KRAS_SIGNALING_DN	tumor_descriptor	Progressive-Recurrence	0	0.22758018971025354	-0.15397862912380925	0.6091390085443164	0.29624333589629304	1	FALSE	FALSE
HALLMARK_KRAS_SIGNALING_DN	tumor_descriptor	Deceased-Recurrence	0	0.2644495170377584	0.023130531269920263	0.5057685028055965	0.032550500792633	1	FALSE	FALSE
HALLMARK_KRAS_SIGNALING_DN	tumor_descriptor	Progressive-Diagnosis	0	0.015217415046116366	-0.36634140378794644	0.39677623388017913	0.9991908667296627	1	FALSE	FALSE
HALLMARK_KRAS_SIGNALING_DN	tumor_descriptor	Deceased-Diagnosis	0	0.05208674237362121	-0.1892322433942169	0.2934057281414593	0.8976359067294591	1	FALSE	FALSE
HALLMARK_KRAS_SIGNALING_DN	tumor_descriptor	Deceased-Progressive	0	0.03686932732750484	-0.32510915132425233	0.39884780597926206	0.9871254617575644	1	FALSE	FALSE
HALLMARK_KRAS_SIGNALING_UP	tumor_descriptor	Diagnosis-Recurrence	0	0.1733089323978499	-0.11960122683224345	0.4662190916279432	0.3020041365071413	1	FALSE	FALSE
HALLMARK_KRAS_SIGNALING_UP	tumor_descriptor	Deceased-Recurrence	0	0.25912059528950937	-0.0028662156460010357	0.5211074062250198	0.05252777424205235	1	FALSE	FALSE
HALLMARK_KRAS_SIGNALING_UP	tumor_descriptor	Progressive-Recurrence	0	0.4102229948865589	-0.004014524853501844	0.8244605146266196	0.05223272968039694	1	FALSE	FALSE
HALLMARK_KRAS_SIGNALING_UP	tumor_descriptor	Deceased-Diagnosis	0	0.08581166289165945	-0.17617514804385095	0.3477984738271699	0.7275052885196669	1	FALSE	FALSE
HALLMARK_KRAS_SIGNALING_UP	tumor_descriptor	Progressive-Diagnosis	0	0.23691406248870903	-0.1773234572513517	0.6511515822287698	0.32678537475595604	1	FALSE	FALSE
HALLMARK_KRAS_SIGNALING_UP	tumor_descriptor	Progressive-Deceased	0	0.15110239959704957	-0.24187781680621606	0.5440826160003152	0.6260809601823121	1	FALSE	FALSE
HALLMARK_MITOTIC_SPINDLE	tumor_descriptor	Progressive-Deceased	0	0.2834311716197072	-0.6604951407460689	1.2273574839854833	0.7740696785349576	1	FALSE	FALSE
HALLMARK_MITOTIC_SPINDLE	tumor_descriptor	Diagnosis-Deceased	0	0.4466422392112133	-0.18264196903263735	1.075926447455064	0.1837494065376385	1	FALSE	FALSE
HALLMARK_MITOTIC_SPINDLE	tumor_descriptor	Recurrence-Deceased	0	0.5041761148526483	-0.12510809339120232	1.133460323096499	0.12264686957522664	1	FALSE	FALSE
HALLMARK_MITOTIC_SPINDLE	tumor_descriptor	Diagnosis-Progressive	0	0.1632110675915061	-0.8317746292216317	1.1581967644046438	0.9505481103412999	1	FALSE	FALSE
HALLMARK_MITOTIC_SPINDLE	tumor_descriptor	Recurrence-Progressive	0	0.22074494323294114	-0.7742407535801966	1.215730640046079	0.8902200041577633	1	FALSE	FALSE
HALLMARK_MITOTIC_SPINDLE	tumor_descriptor	Recurrence-Diagnosis	0	0.057533875641435014	-0.6460272577587569	0.7610950090416269	0.9932086871798989	1	FALSE	FALSE
HALLMARK_MTORC1_SIGNALING	tumor_descriptor	Diagnosis-Deceased	0	0.18787370345592522	-0.4556921473033324	0.8314395542151829	0.7878378580452396	1	FALSE	FALSE
HALLMARK_MTORC1_SIGNALING	tumor_descriptor	Progressive-Deceased	0	0.20946298962383927	-0.7558857865150472	1.1748117657627257	0.8962499632482238	1	FALSE	FALSE
HALLMARK_MTORC1_SIGNALING	tumor_descriptor	Recurrence-Deceased	0	0.45019591953785326	-0.1933699312214044	1.093761770297111	0.19209323931616495	1	FALSE	FALSE
HALLMARK_MTORC1_SIGNALING	tumor_descriptor	Progressive-Diagnosis	0	0.021589286167914057	-0.9959776701837149	1.039156242519543	0.999877447947678	1	FALSE	FALSE
HALLMARK_MTORC1_SIGNALING	tumor_descriptor	Recurrence-Diagnosis	0	0.2623222160819281	-0.45720627906566425	0.9818507112295204	0.6618466324030385	1	FALSE	FALSE
HALLMARK_MTORC1_SIGNALING	tumor_descriptor	Recurrence-Progressive	0	0.240732929914014	-0.776834026437615	1.258299886265643	0.8710513595329185	1	FALSE	FALSE
HALLMARK_MYC_TARGETS_V1	tumor_descriptor	Diagnosis-Deceased	0	0.4825745972781106	-0.21136488976008194	1.176514084316303	0.19554896097260277	1	FALSE	FALSE
HALLMARK_MYC_TARGETS_V1	tumor_descriptor	Progressive-Deceased	0	0.48779884987997024	-0.5531103806773187	1.528708080437259	0.4796856546918241	1	FALSE	FALSE
HALLMARK_MYC_TARGETS_V1	tumor_descriptor	Recurrence-Deceased	0	0.7133538625757201	0.019414375537527562	1.4072933496139126	0.04408665578695059	1	FALSE	FALSE
HALLMARK_MYC_TARGETS_V1	tumor_descriptor	Progressive-Diagnosis	0	0.005224252601859658	-1.0919904160829308	1.1024389212866503	0.9999986117312529	1	FALSE	FALSE
HALLMARK_MYC_TARGETS_V1	tumor_descriptor	Recurrence-Diagnosis	0	0.23077926529760953	-0.5450686673467569	1.0066271979419759	0.7787427038219225	1	FALSE	FALSE
HALLMARK_MYC_TARGETS_V1	tumor_descriptor	Recurrence-Progressive	0	0.22555501269574987	-0.8716596559890407	1.3227696813805405	0.9097117547217333	1	FALSE	FALSE
HALLMARK_MYC_TARGETS_V2	tumor_descriptor	Progressive-Deceased	0	0.5112649113082568	-0.752483217345022	1.7750130399615356	0.5902062295630801	1	FALSE	FALSE
HALLMARK_MYC_TARGETS_V2	tumor_descriptor	Diagnosis-Deceased	0	0.5618269392915609	-0.2806718131439584	1.40432569172708	0.22104194279353917	1	FALSE	FALSE
HALLMARK_MYC_TARGETS_V2	tumor_descriptor	Recurrence-Deceased	0	0.7719461623852026	-0.07055259005031667	1.614444914820722	0.07299657619776012	1	FALSE	FALSE
HALLMARK_MYC_TARGETS_V2	tumor_descriptor	Diagnosis-Progressive	0	0.05056202798330406	-1.281545463789982	1.3826695197565901	0.9993019595744974	1	FALSE	FALSE
HALLMARK_MYC_TARGETS_V2	tumor_descriptor	Recurrence-Progressive	0	0.2606812510769458	-1.0714262406963402	1.5927887428502319	0.9206066742059247	1	FALSE	FALSE
HALLMARK_MYC_TARGETS_V2	tumor_descriptor	Recurrence-Diagnosis	0	0.21011922309364173	-0.731823017608652	1.1520614637959354	0.8886949045154193	1	FALSE	FALSE
HALLMARK_MYOGENESIS	tumor_descriptor	Diagnosis-Recurrence	0	0.19058904194905846	-0.14666726218185477	0.5278453460799717	0.33567643891722776	1	FALSE	FALSE
HALLMARK_MYOGENESIS	tumor_descriptor	Progressive-Recurrence	0	0.25739790704850185	-0.21955453224926097	0.7343503463462646	0.37043883428127233	1	FALSE	FALSE
HALLMARK_MYOGENESIS	tumor_descriptor	Deceased-Recurrence	0	0.33018265335737385	0.028531444606547773	0.6318338621081999	0.03273423896103089	1	FALSE	FALSE
HALLMARK_MYOGENESIS	tumor_descriptor	Progressive-Diagnosis	0	0.06680886509944337	-0.4101435741983195	0.5437613043972062	0.9680597396432931	1	FALSE	FALSE
HALLMARK_MYOGENESIS	tumor_descriptor	Deceased-Diagnosis	0	0.1395936114083154	-0.16205759734251068	0.44124482015914146	0.4894137074600703	1	FALSE	FALSE
HALLMARK_MYOGENESIS	tumor_descriptor	Deceased-Progressive	0	0.07278474630887205	-0.3796920668173671	0.5252615594351112	0.9531241640526976	1	FALSE	FALSE
HALLMARK_NOTCH_SIGNALING	tumor_descriptor	Recurrence-Deceased	0	0.15323778124827686	-0.3438680862382053	0.650343648734759	0.7606515933236131	1	FALSE	FALSE
HALLMARK_NOTCH_SIGNALING	tumor_descriptor	Progressive-Deceased	0	0.24444267350880228	-0.5012161277209211	0.9901014747385255	0.7270186028406511	1	FALSE	FALSE
HALLMARK_NOTCH_SIGNALING	tumor_descriptor	Diagnosis-Deceased	0	0.2486055083452947	-0.24850035914118745	0.7457113758317768	0.42919779351450094	1	FALSE	FALSE
HALLMARK_NOTCH_SIGNALING	tumor_descriptor	Progressive-Recurrence	0	0.09120489226052539	-0.6947884974850372	0.8771982820060881	0.9812640618413452	1	FALSE	FALSE
HALLMARK_NOTCH_SIGNALING	tumor_descriptor	Diagnosis-Recurrence	0	0.09536772709701782	-0.4604135287598705	0.6511489829539061	0.9441003839431992	1	FALSE	FALSE
HALLMARK_NOTCH_SIGNALING	tumor_descriptor	Diagnosis-Progressive	0	0.004162834836492435	-0.7818305549090703	0.790156224582055	0.9999980893797986	1	FALSE	FALSE
HALLMARK_OXIDATIVE_PHOSPHORYLATION	tumor_descriptor	Diagnosis-Deceased	0	0.33907622384502123	-0.2971731600708567	0.9753256077608992	0.3800550589141811	1	FALSE	FALSE
HALLMARK_OXIDATIVE_PHOSPHORYLATION	tumor_descriptor	Recurrence-Deceased	0	0.42649749351173644	-0.2097518904041415	1.0627468774276143	0.2177941315004066	1	FALSE	FALSE
HALLMARK_OXIDATIVE_PHOSPHORYLATION	tumor_descriptor	Progressive-Deceased	0	0.43108166887511445	-0.5232924069987025	1.3854557447489313	0.5080386990607888	1	FALSE	FALSE
HALLMARK_OXIDATIVE_PHOSPHORYLATION	tumor_descriptor	Recurrence-Diagnosis	0	0.08742126966671523	-0.623927166872417	0.7987697062058475	0.9779281089962972	1	FALSE	FALSE
HALLMARK_OXIDATIVE_PHOSPHORYLATION	tumor_descriptor	Progressive-Diagnosis	0	0.09200544503009325	-0.9139931614964446	1.0980040515566312	0.9905821654983092	1	FALSE	FALSE
HALLMARK_OXIDATIVE_PHOSPHORYLATION	tumor_descriptor	Progressive-Recurrence	0	0.004584175363378018	-1.0014144311631599	1.0105827818899158	0.9999987830527137	1	FALSE	FALSE
HALLMARK_P53_PATHWAY	tumor_descriptor	Deceased-Recurrence	0	0.04509866902428031	-0.24592677995244575	0.3361241180010064	0.9576984638925031	1	FALSE	FALSE
HALLMARK_P53_PATHWAY	tumor_descriptor	Diagnosis-Recurrence	0	0.07736165775167655	-0.24801468579550148	0.4027380012988546	0.8694493198445948	1	FALSE	FALSE
HALLMARK_P53_PATHWAY	tumor_descriptor	Progressive-Recurrence	0	0.2467322127004033	-0.21341942521938329	0.7068838506201899	0.37537336691045453	1	FALSE	FALSE
HALLMARK_P53_PATHWAY	tumor_descriptor	Diagnosis-Deceased	0	0.03226298872739624	-0.2587624602493298	0.3232884377041223	0.9835631459412904	1	FALSE	FALSE
HALLMARK_P53_PATHWAY	tumor_descriptor	Progressive-Deceased	0	0.20163354367612296	-0.23490462978896604	0.638171717141212	0.490870047714432	1	FALSE	FALSE
HALLMARK_P53_PATHWAY	tumor_descriptor	Progressive-Diagnosis	0	0.16937055494872674	-0.29078108297105987	0.6295221928685133	0.6555696668853208	1	FALSE	FALSE
HALLMARK_PANCREAS_BETA_CELLS	tumor_descriptor	Diagnosis-Recurrence	0	0.00839467256816516	-0.4205048959625973	0.43729424109892767	0.999903751708849	1	FALSE	FALSE
HALLMARK_PANCREAS_BETA_CELLS	tumor_descriptor	Progressive-Recurrence	0	0.05418024330754305	-0.55237534340463	0.660735830019716	0.9912081046298392	1	FALSE	FALSE
HALLMARK_PANCREAS_BETA_CELLS	tumor_descriptor	Deceased-Recurrence	0	0.24716670741127983	-0.13645272889076598	0.6307861437133256	0.24316551836658884	1	FALSE	FALSE
HALLMARK_PANCREAS_BETA_CELLS	tumor_descriptor	Progressive-Diagnosis	0	0.04578557073937789	-0.5607700159727951	0.652341157451551	0.9946308906396787	1	FALSE	FALSE
HALLMARK_PANCREAS_BETA_CELLS	tumor_descriptor	Deceased-Diagnosis	0	0.23877203484311468	-0.14484740145893113	0.6223914711451605	0.2663806646536052	1	FALSE	FALSE
HALLMARK_PANCREAS_BETA_CELLS	tumor_descriptor	Deceased-Progressive	0	0.1929864641037368	-0.382442690349332	0.7684156185568055	0.7137823604545617	1	FALSE	FALSE
HALLMARK_PEROXISOME	tumor_descriptor	Recurrence-Deceased	0	0.13804663747378348	-0.37948448941003216	0.6555777643575991	0.8276482333104033	1	FALSE	FALSE
HALLMARK_PEROXISOME	tumor_descriptor	Diagnosis-Deceased	0	0.17920836806216808	-0.33832275882164753	0.6967394949459838	0.6945184868030344	1	FALSE	FALSE
HALLMARK_PEROXISOME	tumor_descriptor	Progressive-Deceased	0	0.23822123175699259	-0.5380754585687308	1.014517922082716	0.7630022103677623	1	FALSE	FALSE
HALLMARK_PEROXISOME	tumor_descriptor	Diagnosis-Recurrence	0	0.0411617305883846	-0.5374556595037557	0.6197791206805249	0.9954910006793566	1	FALSE	FALSE
HALLMARK_PEROXISOME	tumor_descriptor	Progressive-Recurrence	0	0.1001745942832091	-0.7181139662100194	0.9184631547764376	0.9781703102192734	1	FALSE	FALSE
HALLMARK_PEROXISOME	tumor_descriptor	Progressive-Diagnosis	0	0.0590128636948245	-0.759275696798404	0.877301424188053	0.9953056447286694	1	FALSE	FALSE
HALLMARK_PI3K_AKT_MTOR_SIGNALING	tumor_descriptor	Progressive-Deceased	0	0.2192144619769907	-0.34214174848051904	0.7805706724345004	0.6153140978621368	1	FALSE	FALSE
HALLMARK_PI3K_AKT_MTOR_SIGNALING	tumor_descriptor	Diagnosis-Deceased	0	0.2749676455040919	-0.0992698281342479	0.6492051191424317	0.16473229219879892	1	FALSE	FALSE
HALLMARK_PI3K_AKT_MTOR_SIGNALING	tumor_descriptor	Recurrence-Deceased	0	0.3194994904878964	-0.054737983150443426	0.6937369641262362	0.09683983647036487	1	FALSE	FALSE
HALLMARK_PI3K_AKT_MTOR_SIGNALING	tumor_descriptor	Diagnosis-Progressive	0	0.05575318352710118	-0.5359682177150862	0.6474745847692884	0.9897292132563035	1	FALSE	FALSE
HALLMARK_PI3K_AKT_MTOR_SIGNALING	tumor_descriptor	Recurrence-Progressive	0	0.1002850285109057	-0.4914363727312816	0.692006429753093	0.9459466782279539	1	FALSE	FALSE
HALLMARK_PI3K_AKT_MTOR_SIGNALING	tumor_descriptor	Recurrence-Diagnosis	0	0.044531844983804525	-0.3738783704077522	0.46294206037536123	0.9853831356515437	1	FALSE	FALSE
HALLMARK_PROTEIN_SECRETION	tumor_descriptor	Diagnosis-Deceased	0	0.19975004023445725	-0.607069738436758	1.0065698189056727	0.855830226112771	1	FALSE	FALSE
HALLMARK_PROTEIN_SECRETION	tumor_descriptor	Progressive-Deceased	0	0.2643998345052639	-0.9458298335015591	1.4746295025120868	0.8944256700185388	1	FALSE	FALSE
HALLMARK_PROTEIN_SECRETION	tumor_descriptor	Recurrence-Deceased	0	0.4907927029737271	-0.3160270756974882	1.2976124816449426	0.28229463054150894	1	FALSE	FALSE
HALLMARK_PROTEIN_SECRETION	tumor_descriptor	Progressive-Diagnosis	0	0.06464979427080662	-1.2110442866661837	1.340343875207797	0.9983483834546985	1	FALSE	FALSE
HALLMARK_PROTEIN_SECRETION	tumor_descriptor	Recurrence-Diagnosis	0	0.2910426627392699	-0.6110092726108165	1.1930945980893561	0.7360136329251687	1	FALSE	FALSE
HALLMARK_PROTEIN_SECRETION	tumor_descriptor	Recurrence-Progressive	0	0.22639286846846327	-1.049301212468527	1.5020869494054536	0.93878369894859	1	FALSE	FALSE
HALLMARK_REACTIVE_OXYGEN_SPECIES_PATHWAY	tumor_descriptor	Deceased-Diagnosis	0	0.014772118535277878	-0.5422160173364683	0.5717602544070242	0.9997609413528764	1	FALSE	FALSE
HALLMARK_REACTIVE_OXYGEN_SPECIES_PATHWAY	tumor_descriptor	Progressive-Diagnosis	0	0.08369223265036067	-0.796983336872666	0.9643678021733872	0.9894704621768089	1	FALSE	FALSE
HALLMARK_REACTIVE_OXYGEN_SPECIES_PATHWAY	tumor_descriptor	Recurrence-Diagnosis	0	0.1369173648915037	-0.4858143023435531	0.7596490321265605	0.8927028574847211	1	FALSE	FALSE
HALLMARK_REACTIVE_OXYGEN_SPECIES_PATHWAY	tumor_descriptor	Progressive-Deceased	0	0.0689201141150828	-0.7665620896925367	0.9044023179227023	0.993032953797021	1	FALSE	FALSE
HALLMARK_REACTIVE_OXYGEN_SPECIES_PATHWAY	tumor_descriptor	Recurrence-Deceased	0	0.1221452463562258	-0.4348428895155204	0.679133382227972	0.8934081843395854	1	FALSE	FALSE
HALLMARK_REACTIVE_OXYGEN_SPECIES_PATHWAY	tumor_descriptor	Recurrence-Progressive	0	0.053225132241143	-0.8274504372818836	0.9339007017641696	0.9972146649451346	1	FALSE	FALSE
HALLMARK_SPERMATOGENESIS	tumor_descriptor	Progressive-Deceased	0	0.2014537161589331	-0.26024110817069823	0.6631485404885644	0.5343509972536054	1	FALSE	FALSE
HALLMARK_SPERMATOGENESIS	tumor_descriptor	Recurrence-Deceased	0	0.22174786853996384	-0.08604868101312371	0.5295444180930514	0.1753914194725632	1	FALSE	FALSE
HALLMARK_SPERMATOGENESIS	tumor_descriptor	Diagnosis-Deceased	0	0.23413933609856102	-0.07365721345452653	0.5419358856516485	0.14690011695713534	1	FALSE	FALSE
HALLMARK_SPERMATOGENESIS	tumor_descriptor	Recurrence-Progressive	0	0.020294152381030744	-0.4663749238832884	0.5069632286453499	0.9990758252299177	1	FALSE	FALSE
HALLMARK_SPERMATOGENESIS	tumor_descriptor	Diagnosis-Progressive	0	0.03268561993962793	-0.4539834563246912	0.519354696203947	0.9961946754192865	1	FALSE	FALSE
HALLMARK_SPERMATOGENESIS	tumor_descriptor	Diagnosis-Recurrence	0	0.012391467558597186	-0.33173553646169596	0.3565184715788903	0.9994035600222124	1	FALSE	FALSE
HALLMARK_TGF_BETA_SIGNALING	tumor_descriptor	Diagnosis-Deceased	0	0.05182319444093714	-0.2906681842657189	0.39431457314759316	0.9603979289996066	1	FALSE	FALSE
HALLMARK_TGF_BETA_SIGNALING	tumor_descriptor	Recurrence-Deceased	0	0.18285649960593273	-0.1596348791007233	0.5253478783125888	0.3786594692244094	1	FALSE	FALSE
HALLMARK_TGF_BETA_SIGNALING	tumor_descriptor	Progressive-Deceased	0	0.2575261684685854	-0.2562108995913986	0.7712632365285694	0.4273752855188203	1	FALSE	FALSE
HALLMARK_TGF_BETA_SIGNALING	tumor_descriptor	Recurrence-Diagnosis	0	0.1310333051649956	-0.25188369708285774	0.513950307412849	0.7017487414265045	1	FALSE	FALSE
HALLMARK_TGF_BETA_SIGNALING	tumor_descriptor	Progressive-Diagnosis	0	0.20570297402764826	-0.3358234438145149	0.7472293918698114	0.6344198550023619	1	FALSE	FALSE
HALLMARK_TGF_BETA_SIGNALING	tumor_descriptor	Progressive-Recurrence	0	0.07466966886265267	-0.46685674897951046	0.6161960867048158	0.969438726920899	1	FALSE	FALSE
HALLMARK_TNFA_SIGNALING_VIA_NFKB	tumor_descriptor	Diagnosis-Recurrence	0	0.010339251012243922	-0.3994851731828757	0.42016367520736353	0.999794154640244	1	FALSE	FALSE
HALLMARK_TNFA_SIGNALING_VIA_NFKB	tumor_descriptor	Deceased-Recurrence	0	0.2496748024978993	-0.11688330603809954	0.6162329110338982	0.20795545101257473	1	FALSE	FALSE
HALLMARK_TNFA_SIGNALING_VIA_NFKB	tumor_descriptor	Progressive-Recurrence	0	0.5623918391244105	-0.01718741976407212	1.1419710980128932	0.057157681329506826	1	FALSE	FALSE
HALLMARK_TNFA_SIGNALING_VIA_NFKB	tumor_descriptor	Deceased-Diagnosis	0	0.23933555148565538	-0.12722255705034347	0.6058936600216542	0.2344932314097059	1	FALSE	FALSE
HALLMARK_TNFA_SIGNALING_VIA_NFKB	tumor_descriptor	Progressive-Diagnosis	0	0.5520525881121665	-0.027526670776316098	1.1316318470006492	0.06195650761445137	1	FALSE	FALSE
HALLMARK_TNFA_SIGNALING_VIA_NFKB	tumor_descriptor	Progressive-Deceased	0	0.3127170366265111	-0.23712012617748718	0.8625541994305095	0.3309183552611825	1	FALSE	FALSE
HALLMARK_UNFOLDED_PROTEIN_RESPONSE	tumor_descriptor	Progressive-Deceased	0	0.25494828756611343	-1.0069731354176166	1.5168697105498432	0.9136965235877208	1	FALSE	FALSE
HALLMARK_UNFOLDED_PROTEIN_RESPONSE	tumor_descriptor	Diagnosis-Deceased	0	0.28727809928842085	-0.5540028493673992	1.128559047944241	0.7030240009038035	1	FALSE	FALSE
HALLMARK_UNFOLDED_PROTEIN_RESPONSE	tumor_descriptor	Recurrence-Deceased	0	0.5394334945078211	-0.30184745414799896	1.3807144431636411	0.2463447428422486	1	FALSE	FALSE
HALLMARK_UNFOLDED_PROTEIN_RESPONSE	tumor_descriptor	Diagnosis-Progressive	0	0.03232981172230737	-1.297852163207473	1.362511786652088	0.9998159021873334	1	FALSE	FALSE
HALLMARK_UNFOLDED_PROTEIN_RESPONSE	tumor_descriptor	Recurrence-Progressive	0	0.28448520694170765	-1.0456967679880729	1.6146671818714882	0.9000129330525297	1	FALSE	FALSE
HALLMARK_UNFOLDED_PROTEIN_RESPONSE	tumor_descriptor	Recurrence-Diagnosis	0	0.2521553952194003	-0.6884252994655615	1.1927360899043622	0.8255983422614219	1	FALSE	FALSE
HALLMARK_UV_RESPONSE_DN	tumor_descriptor	Recurrence-Deceased	0	0.011485992343850192	-0.2875764327234579	0.31054841741115824	0.999276953456188	1	FALSE	FALSE
HALLMARK_UV_RESPONSE_DN	tumor_descriptor	Diagnosis-Deceased	0	0.028909729007494535	-0.2701526960598135	0.3279721540748026	0.9889352158955652	1	FALSE	FALSE
HALLMARK_UV_RESPONSE_DN	tumor_descriptor	Progressive-Deceased	0	0.21981011516753593	-0.22878352243342617	0.6684037527684981	0.4450716786987987	1	FALSE	FALSE
HALLMARK_UV_RESPONSE_DN	tumor_descriptor	Diagnosis-Recurrence	0	0.017423736663644343	-0.31693821931957467	0.3517856926468633	0.9982057428297437	1	FALSE	FALSE
HALLMARK_UV_RESPONSE_DN	tumor_descriptor	Progressive-Recurrence	0	0.20832412282368573	-0.26453509006937836	0.6811833357167498	0.5270546939872904	1	FALSE	FALSE
HALLMARK_UV_RESPONSE_DN	tumor_descriptor	Progressive-Diagnosis	0	0.1909003861600414	-0.2819588267330227	0.6637595990531056	0.5917150410089191	1	FALSE	FALSE
HALLMARK_UV_RESPONSE_UP	tumor_descriptor	Recurrence-Deceased	0	0.05113037595461992	-0.1967901007289798	0.2990508526382196	0.9089511020663987	1	FALSE	FALSE
HALLMARK_UV_RESPONSE_UP	tumor_descriptor	Diagnosis-Deceased	0	0.1431841737086703	-0.10473630297492942	0.39110465039227	0.31959216669361146	1	FALSE	FALSE
HALLMARK_UV_RESPONSE_UP	tumor_descriptor	Progressive-Deceased	0	0.26042839025367626	-0.11145232477172329	0.6323091052790758	0.1914557738605437	1	FALSE	FALSE
HALLMARK_UV_RESPONSE_UP	tumor_descriptor	Diagnosis-Recurrence	0	0.09205379775405037	-0.1851297216852899	0.36923731719339065	0.7195309005239928	1	FALSE	FALSE
HALLMARK_UV_RESPONSE_UP	tumor_descriptor	Progressive-Recurrence	0	0.20929801429905637	-0.1826986781583651	0.6012947067564778	0.37862074981236715	1	FALSE	FALSE
HALLMARK_UV_RESPONSE_UP	tumor_descriptor	Progressive-Diagnosis	0	0.117244216545006	-0.2747524759124155	0.5092409090024275	0.7760216624854784	1	FALSE	FALSE
HALLMARK_WNT_BETA_CATENIN_SIGNALING	tumor_descriptor	Recurrence-Deceased	0	0.2003986017040624	-0.14404957224590684	0.5448467756540316	0.31421852238632086	1	FALSE	FALSE
HALLMARK_WNT_BETA_CATENIN_SIGNALING	tumor_descriptor	Diagnosis-Deceased	0	0.3802843240423609	0.03583615009239166	0.7247324979923302	0.031387864241997465	1	FALSE	FALSE
HALLMARK_WNT_BETA_CATENIN_SIGNALING	tumor_descriptor	Progressive-Deceased	0	0.4189078183681928	-0.09776444255676098	0.9355800792931466	0.11748773366215703	1	FALSE	FALSE
HALLMARK_WNT_BETA_CATENIN_SIGNALING	tumor_descriptor	Diagnosis-Recurrence	0	0.17988572233829853	-0.20521904350060316	0.5649904881772002	0.48219723813609483	1	FALSE	FALSE
HALLMARK_WNT_BETA_CATENIN_SIGNALING	tumor_descriptor	Progressive-Recurrence	0	0.21850921666413042	-0.3261111661197594	0.7631295994480203	0.5961733865789898	1	FALSE	FALSE
HALLMARK_WNT_BETA_CATENIN_SIGNALING	tumor_descriptor	Progressive-Diagnosis	0	0.0386234943258319	-0.5059968884580579	0.5832438771097217	0.9955319537495827	1	FALSE	FALSE
HALLMARK_XENOBIOTIC_METABOLISM	tumor_descriptor	Deceased-Recurrence	0	0.04919676867178052	-0.2191585557749669	0.31755209311852794	0.933214356188446	1	FALSE	FALSE
HALLMARK_XENOBIOTIC_METABOLISM	tumor_descriptor	Diagnosis-Recurrence	0	0.07882100191571965	-0.22120937187774947	0.3788513757091888	0.8337403193262207	1	FALSE	FALSE
HALLMARK_XENOBIOTIC_METABOLISM	tumor_descriptor	Progressive-Recurrence	0	0.1807685060054221	-0.24353851773717128	0.6050755297480155	0.5522821904472899	1	FALSE	FALSE
HALLMARK_XENOBIOTIC_METABOLISM	tumor_descriptor	Diagnosis-Deceased	0	0.02962423324393914	-0.23873109120280828	0.29797955769068657	0.9837617322570643	1	FALSE	FALSE
HALLMARK_XENOBIOTIC_METABOLISM	tumor_descriptor	Progressive-Deceased	0	0.13157173733364158	-0.2709612493364796	0.5341047240037627	0.7286942622998921	1	FALSE	FALSE
HALLMARK_XENOBIOTIC_METABOLISM	tumor_descriptor	Progressive-Diagnosis	0	0.10194750408970246	-0.3223595196528909	0.5262545278322959	0.8660260854431614	1	FALSE	FALSE
